experiment_id,case_id,category,difficulty,harness,adapter,model,requested_model_id,reported_model_id,skill_condition,repeat,synthetic,eligible_for_scoring,funnel,migration_success,tokens_in,cached_input_tokens,tokens_out,reasoning_output_tokens,tokens_total,cost_usd,cost_source,migration_wall_clock_s,e2e_elapsed_s,iterations,token_budget,token_budget_exceeded,session_id,result_path
qoder-glm-52-hard50-v1,attention,multi-kernel-pipelines,hard,qoder,external_command,glm-52,GLM-5.2,,oob,0,False,True,pass,True,,,,,,,unavailable,74.81319466499917,84.19308200500018,0,150000,False,,artifacts/stage2/qoder-glm-52-hard50-v1/attention/qoder__glm-52__oob__r0/migration.json
qoder-glm-52-hard50-v1,attention,multi-kernel-pipelines,hard,qoder,external_command,glm-52,GLM-5.2,,with-sycl-skill,0,False,True,pass,True,,,,,,,unavailable,106.04100215499784,116.10874996699931,0,150000,False,,artifacts/stage2/qoder-glm-52-hard50-v1/attention/qoder__glm-52__with-sycl-skill__r0/migration.json
qoder-glm-52-hard50-v1,batchedGemm,linear-algebra,hard,qoder,external_command,glm-52,GLM-5.2,,oob,0,False,True,pass,True,,,,,,,unavailable,115.16879867799798,125.17466018900086,0,150000,False,,artifacts/stage2/qoder-glm-52-hard50-v1/batchedGemm/qoder__glm-52__oob__r0/migration.json
qoder-glm-52-hard50-v1,batchedGemm,linear-algebra,hard,qoder,external_command,glm-52,GLM-5.2,,with-sycl-skill,0,False,True,pass,True,,,,,,,unavailable,92.05539512500036,101.28569642300135,0,150000,False,,artifacts/stage2/qoder-glm-52-hard50-v1/batchedGemm/qoder__glm-52__with-sycl-skill__r0/migration.json
qoder-glm-52-hard50-v1,bnbAdam8bitMoments,simple-kernels,hard,qoder,external_command,glm-52,GLM-5.2,,oob,0,False,True,wrong_output,False,,,,,,,unavailable,146.75229381900135,156.5691535540027,0,150000,False,,artifacts/stage2/qoder-glm-52-hard50-v1/bnbAdam8bitMoments/qoder__glm-52__oob__r0/migration.json
qoder-glm-52-hard50-v1,bnbAdam8bitMoments,simple-kernels,hard,qoder,external_command,glm-52,GLM-5.2,,with-sycl-skill,0,False,True,wrong_output,False,,,,,,,unavailable,162.56361336600094,172.64474990999952,0,150000,False,,artifacts/stage2/qoder-glm-52-hard50-v1/bnbAdam8bitMoments/qoder__glm-52__with-sycl-skill__r0/migration.json
qoder-glm-52-hard50-v1,bnbInt8VectorQuant,reductions-scans,hard,qoder,external_command,glm-52,GLM-5.2,,oob,0,False,True,pass,True,,,,,,,unavailable,819.6463185159992,829.2439455599997,0,150000,False,,artifacts/stage2/qoder-glm-52-hard50-v1/bnbInt8VectorQuant/qoder__glm-52__oob__r0/migration.json
qoder-glm-52-hard50-v1,bnbInt8VectorQuant,reductions-scans,hard,qoder,external_command,glm-52,GLM-5.2,,with-sycl-skill,0,False,True,pass,True,,,,,,,unavailable,1491.772724388,1501.6833684179983,0,150000,False,,artifacts/stage2/qoder-glm-52-hard50-v1/bnbInt8VectorQuant/qoder__glm-52__with-sycl-skill__r0/migration.json
qoder-glm-52-hard50-v1,bnbStableEmbeddingGrad,graph-irregular,hard,qoder,external_command,glm-52,GLM-5.2,,oob,0,False,True,pass,True,,,,,,,unavailable,120.54843108400019,129.84112640400053,0,150000,False,,artifacts/stage2/qoder-glm-52-hard50-v1/bnbStableEmbeddingGrad/qoder__glm-52__oob__r0/migration.json
qoder-glm-52-hard50-v1,bnbStableEmbeddingGrad,graph-irregular,hard,qoder,external_command,glm-52,GLM-5.2,,with-sycl-skill,0,False,True,pass,True,,,,,,,unavailable,91.89898530100254,101.22542245899967,0,150000,False,,artifacts/stage2/qoder-glm-52-hard50-v1/bnbStableEmbeddingGrad/qoder__glm-52__with-sycl-skill__r0/migration.json
qoder-glm-52-hard50-v1,cutlassBasicGemmTile,linear-algebra,hard,qoder,external_command,glm-52,GLM-5.2,,oob,0,False,True,pass,True,,,,,,,unavailable,111.67739473899928,120.95069281999895,0,150000,False,,artifacts/stage2/qoder-glm-52-hard50-v1/cutlassBasicGemmTile/qoder__glm-52__oob__r0/migration.json
qoder-glm-52-hard50-v1,cutlassBasicGemmTile,linear-algebra,hard,qoder,external_command,glm-52,GLM-5.2,,with-sycl-skill,0,False,True,pass,True,,,,,,,unavailable,119.29380613399917,128.49831197399908,0,150000,False,,artifacts/stage2/qoder-glm-52-hard50-v1/cutlassBasicGemmTile/qoder__glm-52__with-sycl-skill__r0/migration.json
qoder-glm-52-hard50-v1,cutlassBatchedGemmSmall,linear-algebra,hard,qoder,external_command,glm-52,GLM-5.2,,oob,0,False,True,pass,True,,,,,,,unavailable,117.30353350400037,126.57081282700165,0,150000,False,,artifacts/stage2/qoder-glm-52-hard50-v1/cutlassBatchedGemmSmall/qoder__glm-52__oob__r0/migration.json
qoder-glm-52-hard50-v1,cutlassBatchedGemmSmall,linear-algebra,hard,qoder,external_command,glm-52,GLM-5.2,,with-sycl-skill,0,False,True,pass,True,,,,,,,unavailable,135.13992006699846,144.29111271299917,0,150000,False,,artifacts/stage2/qoder-glm-52-hard50-v1/cutlassBatchedGemmSmall/qoder__glm-52__with-sycl-skill__r0/migration.json
qoder-glm-52-hard50-v1,daliColorSpaceConversion,stencil-convolution,hard,qoder,external_command,glm-52,GLM-5.2,,oob,0,False,True,pass,True,,,,,,,unavailable,97.87493678700048,107.33686101900093,0,150000,False,,artifacts/stage2/qoder-glm-52-hard50-v1/daliColorSpaceConversion/qoder__glm-52__oob__r0/migration.json
qoder-glm-52-hard50-v1,daliColorSpaceConversion,stencil-convolution,hard,qoder,external_command,glm-52,GLM-5.2,,with-sycl-skill,0,False,True,pass,True,,,,,,,unavailable,157.91907286199785,167.51675993000026,0,150000,False,,artifacts/stage2/qoder-glm-52-hard50-v1/daliColorSpaceConversion/qoder__glm-52__with-sycl-skill__r0/migration.json
qoder-glm-52-hard50-v1,daliColorTwist,stencil-convolution,hard,qoder,external_command,glm-52,GLM-5.2,,oob,0,False,True,pass,True,,,,,,,unavailable,111.44664963100149,120.51563076399907,0,150000,False,,artifacts/stage2/qoder-glm-52-hard50-v1/daliColorTwist/qoder__glm-52__oob__r0/migration.json
qoder-glm-52-hard50-v1,daliColorTwist,stencil-convolution,hard,qoder,external_command,glm-52,GLM-5.2,,with-sycl-skill,0,False,True,pass,True,,,,,,,unavailable,108.39649846199973,117.4585202399976,0,150000,False,,artifacts/stage2/qoder-glm-52-hard50-v1/daliColorTwist/qoder__glm-52__with-sycl-skill__r0/migration.json
qoder-glm-52-hard50-v1,daliCropMirrorNormalize,stencil-convolution,hard,qoder,external_command,glm-52,GLM-5.2,,oob,0,False,True,pass,True,,,,,,,unavailable,145.14031073900333,154.80593958200188,0,150000,False,,artifacts/stage2/qoder-glm-52-hard50-v1/daliCropMirrorNormalize/qoder__glm-52__oob__r0/migration.json
qoder-glm-52-hard50-v1,daliCropMirrorNormalize,stencil-convolution,hard,qoder,external_command,glm-52,GLM-5.2,,with-sycl-skill,0,False,True,pass,True,,,,,,,unavailable,168.54943958600052,178.12069855200025,0,150000,False,,artifacts/stage2/qoder-glm-52-hard50-v1/daliCropMirrorNormalize/qoder__glm-52__with-sycl-skill__r0/migration.json
qoder-glm-52-hard50-v1,daliDct8x8,stencil-convolution,hard,qoder,external_command,glm-52,GLM-5.2,,oob,0,False,True,pass,True,,,,,,,unavailable,141.88712145400132,151.17248196600121,0,150000,False,,artifacts/stage2/qoder-glm-52-hard50-v1/daliDct8x8/qoder__glm-52__oob__r0/migration.json
qoder-glm-52-hard50-v1,daliDct8x8,stencil-convolution,hard,qoder,external_command,glm-52,GLM-5.2,,with-sycl-skill,0,False,True,pass,True,,,,,,,unavailable,132.1924584920016,141.51320611100164,0,150000,False,,artifacts/stage2/qoder-glm-52-hard50-v1/daliDct8x8/qoder__glm-52__with-sycl-skill__r0/migration.json
qoder-glm-52-hard50-v1,daliNormalizePermute,stencil-convolution,hard,qoder,external_command,glm-52,GLM-5.2,,oob,0,False,True,pass,True,,,,,,,unavailable,180.80361549900044,190.67613789999814,0,150000,False,,artifacts/stage2/qoder-glm-52-hard50-v1/daliNormalizePermute/qoder__glm-52__oob__r0/migration.json
qoder-glm-52-hard50-v1,daliNormalizePermute,stencil-convolution,hard,qoder,external_command,glm-52,GLM-5.2,,with-sycl-skill,0,False,True,pass,True,,,,,,,unavailable,236.5925939580011,246.3103292550004,0,150000,False,,artifacts/stage2/qoder-glm-52-hard50-v1/daliNormalizePermute/qoder__glm-52__with-sycl-skill__r0/migration.json
qoder-glm-52-hard50-v1,daliRandomResizedCrop,stencil-convolution,hard,qoder,external_command,glm-52,GLM-5.2,,oob,0,False,True,pass,True,,,,,,,unavailable,271.33557163500154,280.74383392299933,0,150000,False,,artifacts/stage2/qoder-glm-52-hard50-v1/daliRandomResizedCrop/qoder__glm-52__oob__r0/migration.json
qoder-glm-52-hard50-v1,daliRandomResizedCrop,stencil-convolution,hard,qoder,external_command,glm-52,GLM-5.2,,with-sycl-skill,0,False,True,pass,True,,,,,,,unavailable,270.6396593770005,279.81635205099883,0,150000,False,,artifacts/stage2/qoder-glm-52-hard50-v1/daliRandomResizedCrop/qoder__glm-52__with-sycl-skill__r0/migration.json
qoder-glm-52-hard50-v1,daliResizeBilinear,stencil-convolution,hard,qoder,external_command,glm-52,GLM-5.2,,oob,0,False,True,pass,True,,,,,,,unavailable,120.12760448600238,129.2982410170007,0,150000,False,,artifacts/stage2/qoder-glm-52-hard50-v1/daliResizeBilinear/qoder__glm-52__oob__r0/migration.json
qoder-glm-52-hard50-v1,daliResizeBilinear,stencil-convolution,hard,qoder,external_command,glm-52,GLM-5.2,,with-sycl-skill,0,False,True,pass,True,,,,,,,unavailable,90.73351042599825,100.01254715100004,0,150000,False,,artifacts/stage2/qoder-glm-52-hard50-v1/daliResizeBilinear/qoder__glm-52__with-sycl-skill__r0/migration.json
qoder-glm-52-hard50-v1,daliResizeCropMirror,stencil-convolution,hard,qoder,external_command,glm-52,GLM-5.2,,oob,0,False,True,pass,True,,,,,,,unavailable,255.42479946599997,264.89038617900223,0,150000,False,,artifacts/stage2/qoder-glm-52-hard50-v1/daliResizeCropMirror/qoder__glm-52__oob__r0/migration.json
qoder-glm-52-hard50-v1,daliResizeCropMirror,stencil-convolution,hard,qoder,external_command,glm-52,GLM-5.2,,with-sycl-skill,0,False,True,pass,True,,,,,,,unavailable,249.50842473300145,258.79665324000234,0,150000,False,,artifacts/stage2/qoder-glm-52-hard50-v1/daliResizeCropMirror/qoder__glm-52__with-sycl-skill__r0/migration.json
qoder-glm-52-hard50-v1,daliRotate,stencil-convolution,hard,qoder,external_command,glm-52,GLM-5.2,,oob,0,False,True,pass,True,,,,,,,unavailable,114.68607220600097,124.18135704799715,0,150000,False,,artifacts/stage2/qoder-glm-52-hard50-v1/daliRotate/qoder__glm-52__oob__r0/migration.json
qoder-glm-52-hard50-v1,daliRotate,stencil-convolution,hard,qoder,external_command,glm-52,GLM-5.2,,with-sycl-skill,0,False,True,pass,True,,,,,,,unavailable,149.78485827699842,159.04244201700203,0,150000,False,,artifacts/stage2/qoder-glm-52-hard50-v1/daliRotate/qoder__glm-52__with-sycl-skill__r0/migration.json
qoder-glm-52-hard50-v1,daliTransposeHwcChw,stencil-convolution,hard,qoder,external_command,glm-52,GLM-5.2,,oob,0,False,True,pass,True,,,,,,,unavailable,89.08573397900182,98.34974936300205,0,150000,False,,artifacts/stage2/qoder-glm-52-hard50-v1/daliTransposeHwcChw/qoder__glm-52__oob__r0/migration.json
qoder-glm-52-hard50-v1,daliTransposeHwcChw,stencil-convolution,hard,qoder,external_command,glm-52,GLM-5.2,,with-sycl-skill,0,False,True,pass,True,,,,,,,unavailable,86.02933486200345,95.62203791600041,0,150000,False,,artifacts/stage2/qoder-glm-52-hard50-v1/daliTransposeHwcChw/qoder__glm-52__with-sycl-skill__r0/migration.json
qoder-glm-52-hard50-v1,daliWarpAffine,stencil-convolution,hard,qoder,external_command,glm-52,GLM-5.2,,oob,0,False,True,pass,True,,,,,,,unavailable,114.76944922199982,124.58301213300001,0,150000,False,,artifacts/stage2/qoder-glm-52-hard50-v1/daliWarpAffine/qoder__glm-52__oob__r0/migration.json
qoder-glm-52-hard50-v1,daliWarpAffine,stencil-convolution,hard,qoder,external_command,glm-52,GLM-5.2,,with-sycl-skill,0,False,True,pass,True,,,,,,,unavailable,178.8938474730021,188.1242104640005,0,150000,False,,artifacts/stage2/qoder-glm-52-hard50-v1/daliWarpAffine/qoder__glm-52__with-sycl-skill__r0/migration.json
qoder-glm-52-hard50-v1,flashAttentionScoreValue,multi-kernel-pipelines,hard,qoder,external_command,glm-52,GLM-5.2,,oob,0,False,True,pass,True,,,,,,,unavailable,169.72521283199967,178.9836598410002,0,150000,False,,artifacts/stage2/qoder-glm-52-hard50-v1/flashAttentionScoreValue/qoder__glm-52__oob__r0/migration.json
qoder-glm-52-hard50-v1,flashAttentionScoreValue,multi-kernel-pipelines,hard,qoder,external_command,glm-52,GLM-5.2,,with-sycl-skill,0,False,True,pass,True,,,,,,,unavailable,175.5590093460014,184.71894605200214,0,150000,False,,artifacts/stage2/qoder-glm-52-hard50-v1/flashAttentionScoreValue/qoder__glm-52__with-sycl-skill__r0/migration.json
qoder-glm-52-hard50-v1,flashCausalMaskSoftmax,reductions-scans,hard,qoder,external_command,glm-52,GLM-5.2,,oob,0,False,True,pass,True,,,,,,,unavailable,117.23355083199931,126.75629153000045,0,150000,False,,artifacts/stage2/qoder-glm-52-hard50-v1/flashCausalMaskSoftmax/qoder__glm-52__oob__r0/migration.json
qoder-glm-52-hard50-v1,flashCausalMaskSoftmax,reductions-scans,hard,qoder,external_command,glm-52,GLM-5.2,,with-sycl-skill,0,False,True,pass,True,,,,,,,unavailable,118.88858887099923,128.16289186499853,0,150000,False,,artifacts/stage2/qoder-glm-52-hard50-v1/flashCausalMaskSoftmax/qoder__glm-52__with-sycl-skill__r0/migration.json
qoder-glm-52-hard50-v1,flashOnlineSoftmax,reductions-scans,hard,qoder,external_command,glm-52,GLM-5.2,,oob,0,False,True,pass,True,,,,,,,unavailable,167.3159565970018,176.75794457800293,0,150000,False,,artifacts/stage2/qoder-glm-52-hard50-v1/flashOnlineSoftmax/qoder__glm-52__oob__r0/migration.json
qoder-glm-52-hard50-v1,flashOnlineSoftmax,reductions-scans,hard,qoder,external_command,glm-52,GLM-5.2,,with-sycl-skill,0,False,True,pass,True,,,,,,,unavailable,111.54292846099997,121.46228464500018,0,150000,False,,artifacts/stage2/qoder-glm-52-hard50-v1/flashOnlineSoftmax/qoder__glm-52__with-sycl-skill__r0/migration.json
qoder-glm-52-hard50-v1,gemm,linear-algebra,hard,qoder,external_command,glm-52,GLM-5.2,,oob,0,False,True,pass,True,,,,,,,unavailable,118.63508152699796,128.35164053599874,0,150000,False,,artifacts/stage2/qoder-glm-52-hard50-v1/gemm/qoder__glm-52__oob__r0/migration.json
qoder-glm-52-hard50-v1,gemm,linear-algebra,hard,qoder,external_command,glm-52,GLM-5.2,,with-sycl-skill,0,False,True,pass,True,,,,,,,unavailable,89.78378366600009,99.10669381499974,0,150000,False,,artifacts/stage2/qoder-glm-52-hard50-v1/gemm/qoder__glm-52__with-sycl-skill__r0/migration.json
qoder-glm-52-hard50-v1,ggmlArgmaxRows,reductions-scans,hard,qoder,external_command,glm-52,GLM-5.2,,oob,0,False,True,pass,True,,,,,,,unavailable,160.74221316400144,169.8609005549988,0,150000,False,,artifacts/stage2/qoder-glm-52-hard50-v1/ggmlArgmaxRows/qoder__glm-52__oob__r0/migration.json
qoder-glm-52-hard50-v1,ggmlArgmaxRows,reductions-scans,hard,qoder,external_command,glm-52,GLM-5.2,,with-sycl-skill,0,False,True,pass,True,,,,,,,unavailable,115.47578502199758,124.90545617399766,0,150000,False,,artifacts/stage2/qoder-glm-52-hard50-v1/ggmlArgmaxRows/qoder__glm-52__with-sycl-skill__r0/migration.json
qoder-glm-52-hard50-v1,ggmlCausalSoftmax,reductions-scans,hard,qoder,external_command,glm-52,GLM-5.2,,oob,0,False,True,pass,True,,,,,,,unavailable,143.7352527719995,153.83405942399986,0,150000,False,,artifacts/stage2/qoder-glm-52-hard50-v1/ggmlCausalSoftmax/qoder__glm-52__oob__r0/migration.json
qoder-glm-52-hard50-v1,ggmlCausalSoftmax,reductions-scans,hard,qoder,external_command,glm-52,GLM-5.2,,with-sycl-skill,0,False,True,pass,True,,,,,,,unavailable,174.657064523999,184.0369379099975,0,150000,False,,artifacts/stage2/qoder-glm-52-hard50-v1/ggmlCausalSoftmax/qoder__glm-52__with-sycl-skill__r0/migration.json
qoder-glm-52-hard50-v1,ggmlQ4Dequant,simple-kernels,hard,qoder,external_command,glm-52,GLM-5.2,,oob,0,False,True,pass,True,,,,,,,unavailable,88.90872246399886,98.2739103870008,0,150000,False,,artifacts/stage2/qoder-glm-52-hard50-v1/ggmlQ4Dequant/qoder__glm-52__oob__r0/migration.json
qoder-glm-52-hard50-v1,ggmlQ4Dequant,simple-kernels,hard,qoder,external_command,glm-52,GLM-5.2,,with-sycl-skill,0,False,True,pass,True,,,,,,,unavailable,109.52195171999847,119.20328784699814,0,150000,False,,artifacts/stage2/qoder-glm-52-hard50-v1/ggmlQ4Dequant/qoder__glm-52__with-sycl-skill__r0/migration.json
qoder-glm-52-hard50-v1,ggmlQuantizeQ8,reductions-scans,hard,qoder,external_command,glm-52,GLM-5.2,,oob,0,False,True,pass,True,,,,,,,unavailable,2347.5622996429993,2357.3806716080035,0,150000,False,,artifacts/stage2/qoder-glm-52-hard50-v1/ggmlQuantizeQ8/qoder__glm-52__oob__r0/migration.json
qoder-glm-52-hard50-v1,ggmlQuantizeQ8,reductions-scans,hard,qoder,external_command,glm-52,GLM-5.2,,with-sycl-skill,0,False,True,wrong_output,False,,,,,,,unavailable,122.31111879899981,131.85108234800282,0,150000,False,,artifacts/stage2/qoder-glm-52-hard50-v1/ggmlQuantizeQ8/qoder__glm-52__with-sycl-skill__r0/migration.json
qoder-glm-52-hard50-v1,ggmlRmsNormBlock,reductions-scans,hard,qoder,external_command,glm-52,GLM-5.2,,oob,0,False,True,pass,True,,,,,,,unavailable,123.2255509730021,132.78367717999936,0,150000,False,,artifacts/stage2/qoder-glm-52-hard50-v1/ggmlRmsNormBlock/qoder__glm-52__oob__r0/migration.json
qoder-glm-52-hard50-v1,ggmlRmsNormBlock,reductions-scans,hard,qoder,external_command,glm-52,GLM-5.2,,with-sycl-skill,0,False,True,pass,True,,,,,,,unavailable,164.26508721299615,173.69742170300015,0,150000,False,,artifacts/stage2/qoder-glm-52-hard50-v1/ggmlRmsNormBlock/qoder__glm-52__with-sycl-skill__r0/migration.json
qoder-glm-52-hard50-v1,ggmlRopeInterleaved,simple-kernels,hard,qoder,external_command,glm-52,GLM-5.2,,oob,0,False,True,wrong_output,False,,,,,,,unavailable,129.10956848399655,138.4890395160037,0,150000,False,,artifacts/stage2/qoder-glm-52-hard50-v1/ggmlRopeInterleaved/qoder__glm-52__oob__r0/migration.json
qoder-glm-52-hard50-v1,ggmlRopeInterleaved,simple-kernels,hard,qoder,external_command,glm-52,GLM-5.2,,with-sycl-skill,0,False,True,wrong_output,False,,,,,,,unavailable,252.40854113199748,261.7787627910002,0,150000,False,,artifacts/stage2/qoder-glm-52-hard50-v1/ggmlRopeInterleaved/qoder__glm-52__with-sycl-skill__r0/migration.json
qoder-glm-52-hard50-v1,layernorm,reductions-scans,hard,qoder,external_command,glm-52,GLM-5.2,,oob,0,False,True,pass,True,,,,,,,unavailable,170.156076321,180.4052847819985,0,150000,False,,artifacts/stage2/qoder-glm-52-hard50-v1/layernorm/qoder__glm-52__oob__r0/migration.json
qoder-glm-52-hard50-v1,layernorm,reductions-scans,hard,qoder,external_command,glm-52,GLM-5.2,,with-sycl-skill,0,False,True,pass,True,,,,,,,unavailable,113.4190982250002,123.14244658000098,0,150000,False,,artifacts/stage2/qoder-glm-52-hard50-v1/layernorm/qoder__glm-52__with-sycl-skill__r0/migration.json
qoder-glm-52-hard50-v1,mmcvBallQuery,stencil-convolution,hard,qoder,external_command,glm-52,GLM-5.2,,oob,0,False,True,pass,True,,,,,,,unavailable,176.56406602999778,186.17453660400497,0,150000,False,,artifacts/stage2/qoder-glm-52-hard50-v1/mmcvBallQuery/qoder__glm-52__oob__r0/migration.json
qoder-glm-52-hard50-v1,mmcvBallQuery,stencil-convolution,hard,qoder,external_command,glm-52,GLM-5.2,,with-sycl-skill,0,False,True,pass,True,,,,,,,unavailable,368.89549010300107,378.22669479799515,0,150000,False,,artifacts/stage2/qoder-glm-52-hard50-v1/mmcvBallQuery/qoder__glm-52__with-sycl-skill__r0/migration.json
qoder-glm-52-hard50-v1,mmcvBboxOverlaps,stencil-convolution,hard,qoder,external_command,glm-52,GLM-5.2,,oob,0,False,True,pass,True,,,,,,,unavailable,290.3409475850058,299.9225803049994,0,150000,False,,artifacts/stage2/qoder-glm-52-hard50-v1/mmcvBboxOverlaps/qoder__glm-52__oob__r0/migration.json
qoder-glm-52-hard50-v1,mmcvBboxOverlaps,stencil-convolution,hard,qoder,external_command,glm-52,GLM-5.2,,with-sycl-skill,0,False,True,pass,True,,,,,,,unavailable,660.6545049969936,670.2265930409994,0,150000,False,,artifacts/stage2/qoder-glm-52-hard50-v1/mmcvBboxOverlaps/qoder__glm-52__with-sycl-skill__r0/migration.json
qoder-glm-52-hard50-v1,mmcvFurthestPointSample,stencil-convolution,hard,qoder,external_command,glm-52,GLM-5.2,,oob,0,False,True,pass,True,,,,,,,unavailable,383.3415299039989,392.742938454001,0,150000,False,,artifacts/stage2/qoder-glm-52-hard50-v1/mmcvFurthestPointSample/qoder__glm-52__oob__r0/migration.json
qoder-glm-52-hard50-v1,mmcvFurthestPointSample,stencil-convolution,hard,qoder,external_command,glm-52,GLM-5.2,,with-sycl-skill,0,False,True,pass,True,,,,,,,unavailable,299.67127524100215,308.9114621530025,0,150000,False,,artifacts/stage2/qoder-glm-52-hard50-v1/mmcvFurthestPointSample/qoder__glm-52__with-sycl-skill__r0/migration.json
qoder-glm-52-hard50-v1,mmcvGatherPoints,stencil-convolution,hard,qoder,external_command,glm-52,GLM-5.2,,oob,0,False,True,pass,True,,,,,,,unavailable,259.6870031180006,268.91006955199555,0,150000,False,,artifacts/stage2/qoder-glm-52-hard50-v1/mmcvGatherPoints/qoder__glm-52__oob__r0/migration.json
qoder-glm-52-hard50-v1,mmcvGatherPoints,stencil-convolution,hard,qoder,external_command,glm-52,GLM-5.2,,with-sycl-skill,0,False,True,pass,True,,,,,,,unavailable,467.64499562899437,477.31923433400516,0,150000,False,,artifacts/stage2/qoder-glm-52-hard50-v1/mmcvGatherPoints/qoder__glm-52__with-sycl-skill__r0/migration.json
qoder-glm-52-hard50-v1,mmcvGroupPoints,stencil-convolution,hard,qoder,external_command,glm-52,GLM-5.2,,oob,0,False,True,pass,True,,,,,,,unavailable,490.88057931599906,500.5365848059955,0,150000,False,,artifacts/stage2/qoder-glm-52-hard50-v1/mmcvGroupPoints/qoder__glm-52__oob__r0/migration.json
qoder-glm-52-hard50-v1,mmcvGroupPoints,stencil-convolution,hard,qoder,external_command,glm-52,GLM-5.2,,with-sycl-skill,0,False,True,pass,True,,,,,,,unavailable,282.8897309640015,292.7425909289959,0,150000,False,,artifacts/stage2/qoder-glm-52-hard50-v1/mmcvGroupPoints/qoder__glm-52__with-sycl-skill__r0/migration.json
qoder-glm-52-hard50-v1,mmcvKnn,stencil-convolution,hard,qoder,external_command,glm-52,GLM-5.2,,oob,0,False,True,pass,True,,,,,,,unavailable,418.6048938120002,428.02209797999967,0,150000,False,,artifacts/stage2/qoder-glm-52-hard50-v1/mmcvKnn/qoder__glm-52__oob__r0/migration.json
qoder-glm-52-hard50-v1,mmcvKnn,stencil-convolution,hard,qoder,external_command,glm-52,GLM-5.2,,with-sycl-skill,0,False,True,pass,True,,,,,,,unavailable,229.76873271800287,238.86316996799724,0,150000,False,,artifacts/stage2/qoder-glm-52-hard50-v1/mmcvKnn/qoder__glm-52__with-sycl-skill__r0/migration.json
qoder-glm-52-hard50-v1,mmcvNms,stencil-convolution,hard,qoder,external_command,glm-52,GLM-5.2,,oob,0,False,True,pass,True,,,,,,,unavailable,350.36119018799945,359.59674903700216,0,150000,False,,artifacts/stage2/qoder-glm-52-hard50-v1/mmcvNms/qoder__glm-52__oob__r0/migration.json
qoder-glm-52-hard50-v1,mmcvNms,stencil-convolution,hard,qoder,external_command,glm-52,GLM-5.2,,with-sycl-skill,0,False,True,pass,True,,,,,,,unavailable,245.79993812400062,255.80582618000335,0,150000,False,,artifacts/stage2/qoder-glm-52-hard50-v1/mmcvNms/qoder__glm-52__with-sycl-skill__r0/migration.json
qoder-glm-52-hard50-v1,mmcvPointsInBoxes,stencil-convolution,hard,qoder,external_command,glm-52,GLM-5.2,,oob,0,False,True,pass,True,,,,,,,unavailable,428.3984081039962,443.5828261849965,0,150000,False,,artifacts/stage2/qoder-glm-52-hard50-v1/mmcvPointsInBoxes/qoder__glm-52__oob__r0/migration.json
qoder-glm-52-hard50-v1,mmcvPointsInBoxes,stencil-convolution,hard,qoder,external_command,glm-52,GLM-5.2,,with-sycl-skill,0,False,True,pass,True,,,,,,,unavailable,1557.2540913679986,1566.9374490089976,0,150000,False,,artifacts/stage2/qoder-glm-52-hard50-v1/mmcvPointsInBoxes/qoder__glm-52__with-sycl-skill__r0/migration.json
qoder-glm-52-hard50-v1,mmcvRoiAlign,stencil-convolution,hard,qoder,external_command,glm-52,GLM-5.2,,oob,0,False,True,pass,True,,,,,,,unavailable,493.1727964230013,503.05798516199866,0,150000,False,,artifacts/stage2/qoder-glm-52-hard50-v1/mmcvRoiAlign/qoder__glm-52__oob__r0/migration.json
qoder-glm-52-hard50-v1,mmcvRoiAlign,stencil-convolution,hard,qoder,external_command,glm-52,GLM-5.2,,with-sycl-skill,0,False,True,pass,True,,,,,,,unavailable,513.1684845609998,522.9423931709971,0,150000,False,,artifacts/stage2/qoder-glm-52-hard50-v1/mmcvRoiAlign/qoder__glm-52__with-sycl-skill__r0/migration.json
qoder-glm-52-hard50-v1,mmcvRoiPool,stencil-convolution,hard,qoder,external_command,glm-52,GLM-5.2,,oob,0,False,True,pass,True,,,,,,,unavailable,518.5693503010043,527.8503293540052,0,150000,False,,artifacts/stage2/qoder-glm-52-hard50-v1/mmcvRoiPool/qoder__glm-52__oob__r0/migration.json
qoder-glm-52-hard50-v1,mmcvRoiPool,stencil-convolution,hard,qoder,external_command,glm-52,GLM-5.2,,with-sycl-skill,0,False,True,pass,True,,,,,,,unavailable,347.11944281799515,356.41016664900235,0,150000,False,,artifacts/stage2/qoder-glm-52-hard50-v1/mmcvRoiPool/qoder__glm-52__with-sycl-skill__r0/migration.json
qoder-glm-52-hard50-v1,pytorchMaxPool2d,stencil-convolution,hard,qoder,external_command,glm-52,GLM-5.2,,oob,0,False,True,pass,True,,,,,,,unavailable,323.0400624940012,332.3307822830029,0,150000,False,,artifacts/stage2/qoder-glm-52-hard50-v1/pytorchMaxPool2d/qoder__glm-52__oob__r0/migration.json
qoder-glm-52-hard50-v1,pytorchMaxPool2d,stencil-convolution,hard,qoder,external_command,glm-52,GLM-5.2,,with-sycl-skill,0,False,True,pass,True,,,,,,,unavailable,297.118189189001,306.7415679670012,0,150000,False,,artifacts/stage2/qoder-glm-52-hard50-v1/pytorchMaxPool2d/qoder__glm-52__with-sycl-skill__r0/migration.json
qoder-glm-52-hard50-v1,pytorchUpsampleNearest2d,stencil-convolution,hard,qoder,external_command,glm-52,GLM-5.2,,oob,0,False,True,pass,True,,,,,,,unavailable,332.4679715940001,342.10904693799966,0,150000,False,,artifacts/stage2/qoder-glm-52-hard50-v1/pytorchUpsampleNearest2d/qoder__glm-52__oob__r0/migration.json
qoder-glm-52-hard50-v1,pytorchUpsampleNearest2d,stencil-convolution,hard,qoder,external_command,glm-52,GLM-5.2,,with-sycl-skill,0,False,True,pass,True,,,,,,,unavailable,231.68180011500226,240.68150400599552,0,150000,False,,artifacts/stage2/qoder-glm-52-hard50-v1/pytorchUpsampleNearest2d/qoder__glm-52__with-sycl-skill__r0/migration.json
qoder-glm-52-hard50-v1,rmsnorm,reductions-scans,hard,qoder,external_command,glm-52,GLM-5.2,,oob,0,False,True,pass,True,,,,,,,unavailable,129.76594298599957,139.9341965200001,0,150000,False,,artifacts/stage2/qoder-glm-52-hard50-v1/rmsnorm/qoder__glm-52__oob__r0/migration.json
qoder-glm-52-hard50-v1,rmsnorm,reductions-scans,hard,qoder,external_command,glm-52,GLM-5.2,,with-sycl-skill,0,False,True,pass,True,,,,,,,unavailable,125.47379472800094,135.51391717599472,0,150000,False,,artifacts/stage2/qoder-glm-52-hard50-v1/rmsnorm/qoder__glm-52__with-sycl-skill__r0/migration.json
qoder-glm-52-hard50-v1,softmax,reductions-scans,hard,qoder,external_command,glm-52,GLM-5.2,,oob,0,False,True,pass,True,,,,,,,unavailable,125.23419759600074,134.68095565699332,0,150000,False,,artifacts/stage2/qoder-glm-52-hard50-v1/softmax/qoder__glm-52__oob__r0/migration.json
qoder-glm-52-hard50-v1,softmax,reductions-scans,hard,qoder,external_command,glm-52,GLM-5.2,,with-sycl-skill,0,False,True,pass,True,,,,,,,unavailable,88.72648962999665,98.13890423999692,0,150000,False,,artifacts/stage2/qoder-glm-52-hard50-v1/softmax/qoder__glm-52__with-sycl-skill__r0/migration.json
qoder-glm-52-hard50-v1,vllmFusedAddRmsNorm,reductions-scans,hard,qoder,external_command,glm-52,GLM-5.2,,oob,0,False,True,pass,True,,,,,,,unavailable,188.82308753800316,198.14417305099778,0,150000,False,,artifacts/stage2/qoder-glm-52-hard50-v1/vllmFusedAddRmsNorm/qoder__glm-52__oob__r0/migration.json
qoder-glm-52-hard50-v1,vllmFusedAddRmsNorm,reductions-scans,hard,qoder,external_command,glm-52,GLM-5.2,,with-sycl-skill,0,False,True,pass,True,,,,,,,unavailable,496.85896370900446,506.4964441760021,0,150000,False,,artifacts/stage2/qoder-glm-52-hard50-v1/vllmFusedAddRmsNorm/qoder__glm-52__with-sycl-skill__r0/migration.json
qoder-glm-52-hard50-v1,vllmLayernormResidual,reductions-scans,hard,qoder,external_command,glm-52,GLM-5.2,,oob,0,False,True,pass,True,,,,,,,unavailable,206.4761200730063,215.59457884899894,0,150000,False,,artifacts/stage2/qoder-glm-52-hard50-v1/vllmLayernormResidual/qoder__glm-52__oob__r0/migration.json
qoder-glm-52-hard50-v1,vllmLayernormResidual,reductions-scans,hard,qoder,external_command,glm-52,GLM-5.2,,with-sycl-skill,0,False,True,pass,True,,,,,,,unavailable,158.35600279799837,167.95980610799597,0,150000,False,,artifacts/stage2/qoder-glm-52-hard50-v1/vllmLayernormResidual/qoder__glm-52__with-sycl-skill__r0/migration.json
qoder-glm-52-hard50-v1,vllmPagedAttentionScore,graph-irregular,hard,qoder,external_command,glm-52,GLM-5.2,,oob,0,False,True,pass,True,,,,,,,unavailable,149.0339210730017,158.20297996199952,0,150000,False,,artifacts/stage2/qoder-glm-52-hard50-v1/vllmPagedAttentionScore/qoder__glm-52__oob__r0/migration.json
qoder-glm-52-hard50-v1,vllmPagedAttentionScore,graph-irregular,hard,qoder,external_command,glm-52,GLM-5.2,,with-sycl-skill,0,False,True,pass,True,,,,,,,unavailable,135.63099723999767,144.47310447799828,0,150000,False,,artifacts/stage2/qoder-glm-52-hard50-v1/vllmPagedAttentionScore/qoder__glm-52__with-sycl-skill__r0/migration.json
qoder-glm-52-hard50-v1,vllmPerTokenInt8Quant,reductions-scans,hard,qoder,external_command,glm-52,GLM-5.2,,oob,0,False,True,pass,True,,,,,,,unavailable,377.5758284879994,386.92808123600116,0,150000,False,,artifacts/stage2/qoder-glm-52-hard50-v1/vllmPerTokenInt8Quant/qoder__glm-52__oob__r0/migration.json
qoder-glm-52-hard50-v1,vllmPerTokenInt8Quant,reductions-scans,hard,qoder,external_command,glm-52,GLM-5.2,,with-sycl-skill,0,False,True,pass,True,,,,,,,unavailable,210.75894801799586,219.88241384599678,0,150000,False,,artifacts/stage2/qoder-glm-52-hard50-v1/vllmPerTokenInt8Quant/qoder__glm-52__with-sycl-skill__r0/migration.json
qoder-glm-52-hard50-v1,vllmRotaryPaged,graph-irregular,hard,qoder,external_command,glm-52,GLM-5.2,,oob,0,False,True,wrong_output,False,,,,,,,unavailable,205.46766424799716,215.26427576300193,0,150000,False,,artifacts/stage2/qoder-glm-52-hard50-v1/vllmRotaryPaged/qoder__glm-52__oob__r0/migration.json
qoder-glm-52-hard50-v1,vllmRotaryPaged,graph-irregular,hard,qoder,external_command,glm-52,GLM-5.2,,with-sycl-skill,0,False,True,wrong_output,False,,,,,,,unavailable,130.84030011999857,139.83094483999594,0,150000,False,,artifacts/stage2/qoder-glm-52-hard50-v1/vllmRotaryPaged/qoder__glm-52__with-sycl-skill__r0/migration.json
qoder-glm-52-hard50-v1,vllmTop1MoEGate,reductions-scans,hard,qoder,external_command,glm-52,GLM-5.2,,oob,0,False,True,pass,True,,,,,,,unavailable,154.33514495000418,163.25486870999885,0,150000,False,,artifacts/stage2/qoder-glm-52-hard50-v1/vllmTop1MoEGate/qoder__glm-52__oob__r0/migration.json
qoder-glm-52-hard50-v1,vllmTop1MoEGate,reductions-scans,hard,qoder,external_command,glm-52,GLM-5.2,,with-sycl-skill,0,False,True,pass,True,,,,,,,unavailable,118.84610667300149,127.17682026200055,0,150000,False,,artifacts/stage2/qoder-glm-52-hard50-v1/vllmTop1MoEGate/qoder__glm-52__with-sycl-skill__r0/migration.json
qoder-glm-52-hard50-v1,xformersSparse24Mask,simple-kernels,hard,qoder,external_command,glm-52,GLM-5.2,,oob,0,False,True,pass,True,,,,,,,unavailable,174.2204007009932,184.02556481300417,0,150000,False,,artifacts/stage2/qoder-glm-52-hard50-v1/xformersSparse24Mask/qoder__glm-52__oob__r0/migration.json
qoder-glm-52-hard50-v1,xformersSparse24Mask,simple-kernels,hard,qoder,external_command,glm-52,GLM-5.2,,with-sycl-skill,0,False,True,pass,True,,,,,,,unavailable,109.67510878699977,119.08273271100188,0,150000,False,,artifacts/stage2/qoder-glm-52-hard50-v1/xformersSparse24Mask/qoder__glm-52__with-sycl-skill__r0/migration.json
