case_name,domain,difficulty,source,source_type,license,CUDA_features,build_ready,run_ready,verify_ready,declared_status,actual_verify_status,actual_perf_status,actual_status,verify_log_path,performance_log_path,failure_reason,notes
cublasAxpy,library_api,hard,ece4500group18/cuda-sycl-benchmark,authored,MIT,cublas,yes,yes,yes,perf_ready,pass,pass,perf_ready,benchmark/cases/cuda-library-usage/cublasAxpy/logs/verify_result.json,benchmark/cases/cuda-library-usage/cublasAxpy/logs/perf_result.json,,"missing dirs: input, expected, output, migrated | missing source URL"
cublasGemm,library_api,hard,ece4500group18/cuda-sycl-benchmark,authored,MIT,cublas;streams,yes,yes,yes,perf_ready,pass,pass,perf_ready,benchmark/cases/cuda-library-usage/cublasGemm/logs/verify_result.json,benchmark/cases/cuda-library-usage/cublasGemm/logs/perf_result.json,,"missing dirs: input, expected, output, migrated | missing source URL"
cufftC2C,library_api,hard,ece4500group18/cuda-sycl-benchmark,authored,MIT,cufft,yes,yes,yes,perf_ready,pass,pass,perf_ready,benchmark/cases/cuda-library-usage/cufftC2C/logs/verify_result.json,benchmark/cases/cuda-library-usage/cufftC2C/logs/perf_result.json,,"missing dirs: input, expected, output, migrated | missing source URL"
curandUniform,library_api,hard,ece4500group18/cuda-sycl-benchmark,authored,MIT,curand,yes,yes,yes,perf_ready,pass,pass,perf_ready,benchmark/cases/cuda-library-usage/curandUniform/logs/verify_result.json,benchmark/cases/cuda-library-usage/curandUniform/logs/perf_result.json,,"missing dirs: input, expected, output, migrated | missing source URL"
thrustAdjacentDifference2,library_api,medium,NVIDIA/cuda-samples,inspired_by,BSD-3-Clause + CUDA EULA note,thrust::device_vector;thrust::adjacent_difference,yes,yes,yes,raw,pass,pass,perf_ready,benchmark/cases/cuda-library-usage/thrustAdjacentDifference2/logs/verify_result.json,benchmark/cases/cuda-library-usage/thrustAdjacentDifference2/logs/perf_result.json,,"missing dirs: input, expected, output, migrated"
thrustCountIfThreshold,library_api,medium,NVIDIA/cuda-samples,inspired_by,BSD-3-Clause + CUDA EULA note,thrust::device_vector;thrust::count_if;functor,yes,yes,yes,raw,pass,pass,perf_ready,benchmark/cases/cuda-library-usage/thrustCountIfThreshold/logs/verify_result.json,benchmark/cases/cuda-library-usage/thrustCountIfThreshold/logs/perf_result.json,,"missing dirs: input, expected, output, migrated"
thrustGatherMap,library_api,medium,NVIDIA/cuda-samples,inspired_by,BSD-3-Clause + CUDA EULA note,thrust::gather;device_vector,yes,yes,yes,raw,pass,pass,perf_ready,benchmark/cases/cuda-library-usage/thrustGatherMap/logs/verify_result.json,benchmark/cases/cuda-library-usage/thrustGatherMap/logs/perf_result.json,,"missing dirs: input, expected, output, migrated"
thrustInclusiveScan,library_api,medium,NVIDIA/cuda-samples,inspired_by,BSD-3-Clause + CUDA EULA note,thrust::device_vector;thrust::inclusive_scan,yes,yes,yes,raw,pass,pass,perf_ready,benchmark/cases/cuda-library-usage/thrustInclusiveScan/logs/verify_result.json,benchmark/cases/cuda-library-usage/thrustInclusiveScan/logs/perf_result.json,,"missing dirs: input, expected, output, migrated"
thrustReduce,library_api,hard,ece4500group18/cuda-sycl-benchmark,authored,MIT,thrust,yes,yes,yes,perf_ready,pass,pass,perf_ready,benchmark/cases/cuda-library-usage/thrustReduce/logs/verify_result.json,benchmark/cases/cuda-library-usage/thrustReduce/logs/perf_result.json,,"missing dirs: input, expected, output, migrated | missing source URL"
thrustReduceByKeySegments,library_api,medium,NVIDIA/cuda-samples,inspired_by,BSD-3-Clause + CUDA EULA note,thrust::reduce_by_key;device_vector;segmented_reduction,yes,yes,yes,raw,pass,pass,perf_ready,benchmark/cases/cuda-library-usage/thrustReduceByKeySegments/logs/verify_result.json,benchmark/cases/cuda-library-usage/thrustReduceByKeySegments/logs/perf_result.json,,"missing dirs: input, expected, output, migrated"
thrustSort,library_api,hard,ece4500group18/cuda-sycl-benchmark,authored,MIT,thrust,yes,yes,yes,perf_ready,pass,pass,perf_ready,benchmark/cases/cuda-library-usage/thrustSort/logs/verify_result.json,benchmark/cases/cuda-library-usage/thrustSort/logs/perf_result.json,,"missing dirs: input, expected, migrated | missing source URL"
thrustSortByKey,library_api,medium,NVIDIA/cuda-samples,inspired_by,BSD-3-Clause + CUDA EULA note,thrust::sort_by_key;device_vector,yes,yes,yes,raw,pass,pass,perf_ready,benchmark/cases/cuda-library-usage/thrustSortByKey/logs/verify_result.json,benchmark/cases/cuda-library-usage/thrustSortByKey/logs/perf_result.json,,"missing dirs: input, expected, output, migrated"
thrustTransformReduceNorm,library_api,medium,NVIDIA/cuda-samples,inspired_by,BSD-3-Clause + CUDA EULA note,thrust::device_vector;thrust::transform_reduce;functor,yes,yes,yes,raw,pass,pass,perf_ready,benchmark/cases/cuda-library-usage/thrustTransformReduceNorm/logs/verify_result.json,benchmark/cases/cuda-library-usage/thrustTransformReduceNorm/logs/perf_result.json,,"missing dirs: input, expected, output, migrated"
thrustZipTransform2,library_api,medium,NVIDIA/cuda-samples,inspired_by,BSD-3-Clause + CUDA EULA note,thrust::device_vector;thrust::transform;zip_iterator,yes,yes,yes,raw,pass,pass,perf_ready,benchmark/cases/cuda-library-usage/thrustZipTransform2/logs/verify_result.json,benchmark/cases/cuda-library-usage/thrustZipTransform2/logs/perf_result.json,,"missing dirs: input, expected, output, migrated"
bfs,hpc,hard,ece4500group18/cuda-sycl-benchmark,authored,MIT,__global__;graph;atomicAdd,yes,yes,yes,perf_ready,pass,pass,perf_ready,benchmark/cases/graph-irregular/bfs/logs/verify_result.json,benchmark/cases/graph-irregular/bfs/logs/perf_result.json,,"missing dirs: input, expected, output, migrated | missing source URL"
bnbStableEmbeddingGrad,modern_ml,hard,bitsandbytes-foundation/bitsandbytes,inspired_by,MIT,__global__;atomicAdd;embedding,yes,yes,yes,raw,pass,pass,perf_ready,benchmark/cases/graph-irregular/bnbStableEmbeddingGrad/logs/verify_result.json,benchmark/cases/graph-irregular/bnbStableEmbeddingGrad/logs/perf_result.json,,"missing dirs: input, expected, output, migrated"
cutlassGatherScatterFusion,modern_ml,medium,NVIDIA/cutlass,inspired_by,BSD-3-Clause,__global__;gather;scatter;permutation,yes,yes,yes,raw,pass,pass,perf_ready,benchmark/cases/graph-irregular/cutlassGatherScatterFusion/logs/verify_result.json,benchmark/cases/graph-irregular/cutlassGatherScatterFusion/logs/perf_result.json,,"missing dirs: input, expected, output, migrated"
embedding,modern_ml,hard,ece4500group18/cuda-sycl-benchmark,authored,MIT,__global__;gather,yes,yes,yes,perf_ready,pass,pass,perf_ready,benchmark/cases/graph-irregular/embedding/logs/verify_result.json,benchmark/cases/graph-irregular/embedding/logs/perf_result.json,,"missing dirs: input, expected, output, migrated | missing source URL"
hecbenchBfsFrontier,hpc,hard,ORNL/HeCBench,simplified,BSD-3-Clause,__global__;graph;frontier;atomicMin,yes,yes,yes,raw,pass,pass,perf_ready,benchmark/cases/graph-irregular/hecbenchBfsFrontier/logs/verify_result.json,benchmark/cases/graph-irregular/hecbenchBfsFrontier/logs/perf_result.json,,"missing dirs: input, expected, output, migrated"
hecbenchBfsRelaxEdges,hpc,medium,ORNL/HeCBench,simplified,BSD-3-Clause,__global__;graph;frontier_relax,yes,yes,yes,raw,pass,pass,perf_ready,benchmark/cases/graph-irregular/hecbenchBfsRelaxEdges/logs/verify_result.json,benchmark/cases/graph-irregular/hecbenchBfsRelaxEdges/logs/perf_result.json,,"missing dirs: input, expected, output, migrated"
hecbenchCsrRowSum2,hpc,medium,ORNL/HeCBench,simplified,BSD-3-Clause,__global__;sparse_matrix;row_reduction,yes,yes,yes,raw,pass,pass,perf_ready,benchmark/cases/graph-irregular/hecbenchCsrRowSum2/logs/verify_result.json,benchmark/cases/graph-irregular/hecbenchCsrRowSum2/logs/perf_result.json,,"missing dirs: input, expected, output, migrated"
hecbenchCsrSpmv,hpc,hard,ORNL/HeCBench,simplified,BSD-3-Clause,__global__;csr;sparse_matrix;irregular_memory,yes,yes,yes,raw,pass,pass,perf_ready,benchmark/cases/graph-irregular/hecbenchCsrSpmv/logs/verify_result.json,benchmark/cases/graph-irregular/hecbenchCsrSpmv/logs/perf_result.json,,"missing dirs: input, expected, output, migrated"
hecbenchEclConnectedComponents,hpc,hard,ORNL/HeCBench,extracted,BSD-3-Clause,__global__;atomicCAS;atomicAdd;__shfl_sync;__launch_bounds__;device_globals;worklist;pointer_jumping,yes,yes,yes,raw,not_run,not_run,verify_ready,,,,"missing dirs: input, expected, output, migrated"
hecbenchEllpackSpmv,hpc,medium,ORNL/HeCBench,simplified,BSD-3-Clause,__global__;sparse_matrix;spmv,yes,yes,yes,raw,pass,pass,perf_ready,benchmark/cases/graph-irregular/hecbenchEllpackSpmv/logs/verify_result.json,benchmark/cases/graph-irregular/hecbenchEllpackSpmv/logs/perf_result.json,,"missing dirs: input, expected, output, migrated"
hecbenchFloydMinPlus2,hpc,medium,ORNL/HeCBench,simplified,BSD-3-Clause,__global__;dynamic_programming;min_plus,yes,yes,yes,raw,pass,pass,perf_ready,benchmark/cases/graph-irregular/hecbenchFloydMinPlus2/logs/verify_result.json,benchmark/cases/graph-irregular/hecbenchFloydMinPlus2/logs/perf_result.json,,"missing dirs: input, expected, output, migrated"
hecbenchFloydWarshallStep,hpc,medium,ORNL/HeCBench,simplified,BSD-3-Clause,__global__;dynamic_programming;min_plus,yes,yes,yes,raw,pass,pass,perf_ready,benchmark/cases/graph-irregular/hecbenchFloydWarshallStep/logs/verify_result.json,benchmark/cases/graph-irregular/hecbenchFloydWarshallStep/logs/perf_result.json,,"missing dirs: input, expected, output, migrated"
hecbenchJaccardWeights,hpc,hard,ORNL/HeCBench,extracted,BSD-3-Clause,__global__;template_kernel;__shfl_sync;__shfl_up_sync;atomicAdd;binary_search;csr_traversal;3d_grid,yes,yes,yes,raw,not_run,not_run,verify_ready,,,,"missing dirs: input, expected, output, migrated"
hecbenchMisPriority,hpc,hard,ORNL/HeCBench,extracted,BSD-3-Clause,__global__;volatile_memory;lock_free_spin_loop;csr_traversal;irregular_access,yes,yes,yes,raw,not_run,not_run,verify_ready,,,,"missing dirs: input, expected, output, migrated"
hecbenchPagerankMapReduce,hpc,medium,ORNL/HeCBench,extracted,BSD-3-Clause,__global__;iterative_pipeline;gather_scatter;fmaxf,yes,yes,yes,raw,not_run,not_run,verify_ready,,,,"missing dirs: input, expected, output, migrated"
spmv,hpc,medium,ece4500group18/cuda-sycl-benchmark,authored,MIT,__global__;sparse;csr,yes,yes,yes,perf_ready,pass,pass,perf_ready,benchmark/cases/graph-irregular/spmv/logs/verify_result.json,benchmark/cases/graph-irregular/spmv/logs/perf_result.json,,"missing dirs: input, expected, output, migrated | missing source URL"
vllmKvCacheScatter,modern_ml,medium,vllm-project/vllm,simplified,Apache-2.0,__global__;scatter;cache_layout,yes,yes,yes,raw,pass,pass,perf_ready,benchmark/cases/graph-irregular/vllmKvCacheScatter/logs/verify_result.json,benchmark/cases/graph-irregular/vllmKvCacheScatter/logs/perf_result.json,,"missing dirs: input, expected, output, migrated"
vllmPagedAttentionScore,modern_ml,hard,vllm-project/vllm,simplified,Apache-2.0,__global__;__shared__;attention;dot_product;reduction,yes,yes,yes,raw,pass,pass,perf_ready,benchmark/cases/graph-irregular/vllmPagedAttentionScore/logs/verify_result.json,benchmark/cases/graph-irregular/vllmPagedAttentionScore/logs/perf_result.json,,"missing dirs: input, expected, output, migrated"
vllmPagedBlockCopy2,modern_ml,medium,vllm-project/vllm,simplified,Apache-2.0,__global__;cache_layout;copy,yes,yes,yes,raw,pass,pass,perf_ready,benchmark/cases/graph-irregular/vllmPagedBlockCopy2/logs/verify_result.json,benchmark/cases/graph-irregular/vllmPagedBlockCopy2/logs/perf_result.json,,"missing dirs: input, expected, output, migrated"
vllmPagedKvGather,modern_ml,medium,vllm-project/vllm,simplified,Apache-2.0,__global__;gather;cache_layout,yes,yes,yes,raw,pass,pass,perf_ready,benchmark/cases/graph-irregular/vllmPagedKvGather/logs/verify_result.json,benchmark/cases/graph-irregular/vllmPagedKvGather/logs/perf_result.json,,"missing dirs: input, expected, migrated"
vllmRotaryPaged,modern_ml,hard,vllm-project/vllm,simplified,Apache-2.0,__global__;sinf;cosf;paged_positions;tensor_layout,yes,yes,yes,raw,pass,pass,perf_ready,benchmark/cases/graph-irregular/vllmRotaryPaged/logs/verify_result.json,benchmark/cases/graph-irregular/vllmRotaryPaged/logs/perf_result.json,,"missing dirs: input, expected, output, migrated"
xformersBlockSparseMaskApply,modern_ml,medium,facebookresearch/xformers,inspired_by,BSD-3-Clause,__global__;block_sparse;masking,yes,yes,yes,raw,pass,pass,perf_ready,benchmark/cases/graph-irregular/xformersBlockSparseMaskApply/logs/verify_result.json,benchmark/cases/graph-irregular/xformersBlockSparseMaskApply/logs/perf_result.json,,"missing dirs: input, expected, output, migrated"
batchedGemm,modern_ml,hard,ece4500group18/cuda-sycl-benchmark,authored,MIT,__global__;batched,yes,yes,yes,perf_ready,pass,pass,perf_ready,benchmark/cases/linear-algebra/batchedGemm/logs/verify_result.json,benchmark/cases/linear-algebra/batchedGemm/logs/perf_result.json,,"missing dirs: input, expected, output, migrated | missing source URL"
conjugateGradient,hpc,medium,ece4500group18/cuda-sycl-benchmark,authored,MIT,__global__;reduction;iterative,yes,yes,yes,perf_ready,pass,pass,perf_ready,benchmark/cases/linear-algebra/conjugateGradient/logs/verify_result.json,benchmark/cases/linear-algebra/conjugateGradient/logs/perf_result.json,,"missing dirs: input, expected, output, migrated | missing source URL"
cutlassBasicGemmTile,modern_ml,hard,NVIDIA/cutlass,inspired_by,BSD-3-Clause,__global__;__shared__;tiled_gemm,yes,yes,yes,raw,pass,pass,perf_ready,benchmark/cases/linear-algebra/cutlassBasicGemmTile/logs/verify_result.json,benchmark/cases/linear-algebra/cutlassBasicGemmTile/logs/perf_result.json,,"missing dirs: input, expected, output, migrated"
cutlassBatchedGemmSmall,modern_ml,hard,NVIDIA/cutlass,inspired_by,BSD-3-Clause,__global__;batched_gemm;3D_grid,yes,yes,yes,raw,pass,pass,perf_ready,benchmark/cases/linear-algebra/cutlassBatchedGemmSmall/logs/verify_result.json,benchmark/cases/linear-algebra/cutlassBatchedGemmSmall/logs/perf_result.json,,"missing dirs: input, expected, output, migrated"
cutlassBiasGeluEpilogue2,modern_ml,medium,NVIDIA/cutlass,inspired_by,BSD-3-Clause,__global__;epilogue;activation,yes,yes,yes,raw,pass,pass,perf_ready,benchmark/cases/linear-algebra/cutlassBiasGeluEpilogue2/logs/verify_result.json,benchmark/cases/linear-algebra/cutlassBiasGeluEpilogue2/logs/perf_result.json,,"missing dirs: input, expected, output, migrated"
cutlassBiasReluEpilogue,modern_ml,medium,NVIDIA/cutlass,inspired_by,BSD-3-Clause,__global__;epilogue;activation;bias,yes,yes,yes,raw,pass,pass,perf_ready,benchmark/cases/linear-algebra/cutlassBiasReluEpilogue/logs/verify_result.json,benchmark/cases/linear-algebra/cutlassBiasReluEpilogue/logs/perf_result.json,,"missing dirs: input, expected, output, migrated"
cutlassLinearCombinationEpilogue,modern_ml,medium,NVIDIA/cutlass,inspired_by,BSD-3-Clause,__global__;epilogue;linear_combination,yes,yes,yes,raw,pass,pass,perf_ready,benchmark/cases/linear-algebra/cutlassLinearCombinationEpilogue/logs/verify_result.json,benchmark/cases/linear-algebra/cutlassLinearCombinationEpilogue/logs/perf_result.json,,"missing dirs: input, expected, output, migrated"
gemm,modern_ml,hard,ece4500group18/cuda-sycl-benchmark,authored,MIT,__global__;tiling,yes,yes,yes,perf_ready,pass,pass,perf_ready,benchmark/cases/linear-algebra/gemm/logs/verify_result.json,benchmark/cases/linear-algebra/gemm/logs/perf_result.json,,"missing dirs: input, expected, output, migrated | missing source URL"
hecbenchBackpropForward,hpc,medium,ORNL/HeCBench,simplified,BSD-3-Clause,__global__;matrix_vector;sigmoid,yes,yes,yes,raw,pass,pass,perf_ready,benchmark/cases/linear-algebra/hecbenchBackpropForward/logs/verify_result.json,benchmark/cases/linear-algebra/hecbenchBackpropForward/logs/perf_result.json,,"missing dirs: input, expected, output, migrated"
hecbenchGaussianElimStep,hpc,medium,ORNL/HeCBench,simplified,BSD-3-Clause,__global__;linear_algebra;elimination,yes,yes,yes,raw,pass,pass,perf_ready,benchmark/cases/linear-algebra/hecbenchGaussianElimStep/logs/verify_result.json,benchmark/cases/linear-algebra/hecbenchGaussianElimStep/logs/perf_result.json,,"missing dirs: input, expected, output, migrated"
hecbenchGaussianRank1Update2,hpc,medium,ORNL/HeCBench,simplified,BSD-3-Clause,__global__;linear_algebra;rank1_update,yes,yes,yes,raw,pass,pass,perf_ready,benchmark/cases/linear-algebra/hecbenchGaussianRank1Update2/logs/verify_result.json,benchmark/cases/linear-algebra/hecbenchGaussianRank1Update2/logs/perf_result.json,,"missing dirs: input, expected, output, migrated"
matrixMul,cuda_primitive,easy,ece4500group18/cuda-sycl-benchmark,authored,MIT,__global__;cudaMalloc;cudaMemcpy;cudaFree;dim3;threadIdx;blockIdx;blockDim;2D_indexing,yes,yes,yes,perf_ready,pass,pass,perf_ready,benchmark/cases/linear-algebra/matrixMul/logs/verify_result.json,benchmark/cases/linear-algebra/matrixMul/logs/perf_result.json,,"missing dirs: input, expected, output, migrated | missing source URL"
tiledMatmul,cuda_primitive,medium,ece4500group18/cuda-sycl-benchmark,authored,MIT,__shared__;__syncthreads;tiling,yes,yes,yes,perf_ready,pass,pass,perf_ready,benchmark/cases/linear-algebra/tiledMatmul/logs/verify_result.json,benchmark/cases/linear-algebra/tiledMatmul/logs/perf_result.json,,"missing dirs: input, expected, output, migrated | missing source URL"
tridiagResidual,hpc,medium,ece4500group18/cuda-sycl-benchmark,authored,MIT,__global__;stencil;linear_system,yes,yes,yes,raw,pass,pass,perf_ready,benchmark/cases/linear-algebra/tridiagResidual/logs/verify_result.json,benchmark/cases/linear-algebra/tridiagResidual/logs/perf_result.json,,"missing dirs: input, expected, output, migrated"
cudaMemcpyAsyncPinned,library_api,hard,ece4500group18/cuda-sycl-benchmark,authored,MIT,pinned_memory;cudaMemcpyAsync;streams,yes,yes,yes,perf_ready,pass,pass,perf_ready,benchmark/cases/memory-movement/cudaMemcpyAsyncPinned/logs/verify_result.json,benchmark/cases/memory-movement/cudaMemcpyAsyncPinned/logs/perf_result.json,,"missing dirs: input, expected, output, migrated | missing source URL"
cudaSamplesBitReversePermute,cuda_primitive,medium,NVIDIA/cuda-samples,inspired_by,BSD-3-Clause + CUDA EULA note,__global__;permutation;bit_arithmetic,yes,yes,yes,raw,pass,pass,perf_ready,benchmark/cases/memory-movement/cudaSamplesBitReversePermute/logs/verify_result.json,benchmark/cases/memory-movement/cudaSamplesBitReversePermute/logs/perf_result.json,,"missing dirs: input, expected, output, migrated"
cudaSamplesClampAddress2,cuda_primitive,medium,NVIDIA/cuda-samples,inspired_by,BSD-3-Clause + CUDA EULA note,__global__;address_clamp;sampling,yes,yes,yes,raw,pass,pass,perf_ready,benchmark/cases/memory-movement/cudaSamplesClampAddress2/logs/verify_result.json,benchmark/cases/memory-movement/cudaSamplesClampAddress2/logs/perf_result.json,,"missing dirs: input, expected, output, migrated"
cudaSamplesCoalescedCopy,cuda_primitive,easy,NVIDIA/cuda-samples,inspired_by,BSD-3-Clause + CUDA EULA note,__global__;coalesced_memory;grid_stride,yes,yes,yes,raw,pass,pass,perf_ready,benchmark/cases/memory-movement/cudaSamplesCoalescedCopy/logs/verify_result.json,benchmark/cases/memory-movement/cudaSamplesCoalescedCopy/logs/perf_result.json,,"missing dirs: input, expected, output, migrated"
cudaSamplesConstantLookup2,cuda_primitive,medium,NVIDIA/cuda-samples,inspired_by,BSD-3-Clause + CUDA EULA note,__constant__;__global__;lookup_table,yes,yes,yes,raw,pass,pass,perf_ready,benchmark/cases/memory-movement/cudaSamplesConstantLookup2/logs/verify_result.json,benchmark/cases/memory-movement/cudaSamplesConstantLookup2/logs/perf_result.json,,"missing dirs: input, expected, output, migrated"
cudaSamplesConstantMemoryScale,cuda_primitive,medium,NVIDIA/cuda-samples,inspired_by,BSD-3-Clause + CUDA EULA note,__constant__;__global__;elementwise,yes,yes,yes,raw,pass,pass,perf_ready,benchmark/cases/memory-movement/cudaSamplesConstantMemoryScale/logs/verify_result.json,benchmark/cases/memory-movement/cudaSamplesConstantMemoryScale/logs/perf_result.json,,"missing dirs: input, expected, output, migrated"
cudaSamplesGridStrideStrided,cuda_primitive,medium,NVIDIA/cuda-samples,inspired_by,BSD-3-Clause + CUDA EULA note,__global__;grid_stride;gather,yes,yes,yes,raw,pass,pass,perf_ready,benchmark/cases/memory-movement/cudaSamplesGridStrideStrided/logs/verify_result.json,benchmark/cases/memory-movement/cudaSamplesGridStrideStrided/logs/perf_result.json,,"missing dirs: input, expected, output, migrated"
cudaSamplesManagedTouch2,cuda_primitive,medium,NVIDIA/cuda-samples,inspired_by,BSD-3-Clause + CUDA EULA note,cudaMallocManaged;__global__;unified_memory,yes,yes,yes,raw,pass,pass,perf_ready,benchmark/cases/memory-movement/cudaSamplesManagedTouch2/logs/verify_result.json,benchmark/cases/memory-movement/cudaSamplesManagedTouch2/logs/perf_result.json,,"missing dirs: input, expected, output, migrated"
cudaSamplesPinnedChunkAdd2,cuda_primitive,hard,NVIDIA/cuda-samples,inspired_by,BSD-3-Clause + CUDA EULA note,cudaMallocHost;cudaMemcpyAsync;cudaStream_t,yes,yes,yes,raw,pass,pass,perf_ready,benchmark/cases/memory-movement/cudaSamplesPinnedChunkAdd2/logs/verify_result.json,benchmark/cases/memory-movement/cudaSamplesPinnedChunkAdd2/logs/perf_result.json,,"missing dirs: input, expected, output, migrated"
cudaSamplesSharedTileTranspose2,cuda_primitive,medium,NVIDIA/cuda-samples,inspired_by,BSD-3-Clause + CUDA EULA note,__global__;__shared__;transpose,yes,yes,yes,raw,pass,pass,perf_ready,benchmark/cases/memory-movement/cudaSamplesSharedTileTranspose2/logs/verify_result.json,benchmark/cases/memory-movement/cudaSamplesSharedTileTranspose2/logs/perf_result.json,,"missing dirs: input, expected, output, migrated"
cudaSamplesUnifiedMemoryScale,library_api,medium,NVIDIA/cuda-samples,inspired_by,BSD-3-Clause + CUDA EULA note,cudaMallocManaged;__global__;unified_memory,yes,yes,yes,raw,pass,pass,perf_ready,benchmark/cases/memory-movement/cudaSamplesUnifiedMemoryScale/logs/verify_result.json,benchmark/cases/memory-movement/cudaSamplesUnifiedMemoryScale/logs/perf_result.json,,"missing dirs: input, expected, output, migrated"
cudaSamplesVectorizedFloat4Scale2,cuda_primitive,medium,NVIDIA/cuda-samples,inspired_by,BSD-3-Clause + CUDA EULA note,__global__;float4;vectorized_memory,yes,yes,yes,raw,pass,pass,perf_ready,benchmark/cases/memory-movement/cudaSamplesVectorizedFloat4Scale2/logs/verify_result.json,benchmark/cases/memory-movement/cudaSamplesVectorizedFloat4Scale2/logs/perf_result.json,,"missing dirs: input, expected, output, migrated"
cutlassColumnMajorToRowMajor,modern_ml,medium,NVIDIA/cutlass,inspired_by,BSD-3-Clause,__global__;layout_conversion;2D_indexing,yes,yes,yes,raw,pass,pass,perf_ready,benchmark/cases/memory-movement/cutlassColumnMajorToRowMajor/logs/verify_result.json,benchmark/cases/memory-movement/cutlassColumnMajorToRowMajor/logs/perf_result.json,,"missing dirs: input, expected, output, migrated"
ggmlConcatRows,modern_ml,medium,ggml-org/llama.cpp,simplified,MIT,__global__;tensor_layout;strided_copy,yes,yes,yes,raw,pass,pass,perf_ready,benchmark/cases/memory-movement/ggmlConcatRows/logs/verify_result.json,benchmark/cases/memory-movement/ggmlConcatRows/logs/perf_result.json,,"missing dirs: input, expected, output, migrated"
ggmlPermute2d,modern_ml,medium,ggml-org/llama.cpp,simplified,MIT,__global__;layout_conversion;transpose,yes,yes,yes,raw,pass,pass,perf_ready,benchmark/cases/memory-movement/ggmlPermute2d/logs/verify_result.json,benchmark/cases/memory-movement/ggmlPermute2d/logs/perf_result.json,,"missing dirs: input, expected, output, migrated"
ggmlRepeatRows,modern_ml,medium,ggml-org/llama.cpp,simplified,MIT,__global__;repeat;layout,yes,yes,yes,raw,pass,pass,perf_ready,benchmark/cases/memory-movement/ggmlRepeatRows/logs/verify_result.json,benchmark/cases/memory-movement/ggmlRepeatRows/logs/perf_result.json,,"missing dirs: input, expected, output, migrated"
hecbenchBabelStreamTriad,hpc,medium,ORNL/HeCBench,simplified,BSD-3-Clause,__global__;streaming_memory;triad,yes,yes,yes,raw,pass,pass,perf_ready,benchmark/cases/memory-movement/hecbenchBabelStreamTriad/logs/verify_result.json,benchmark/cases/memory-movement/hecbenchBabelStreamTriad/logs/perf_result.json,,"missing dirs: input, expected, output, migrated"
reverseArray,cuda_primitive,easy,ece4500group18/cuda-sycl-benchmark,authored,MIT,__global__;cudaMalloc;cudaMemcpy;cudaFree,yes,yes,yes,perf_ready,pass,pass,perf_ready,benchmark/cases/memory-movement/reverseArray/logs/verify_result.json,benchmark/cases/memory-movement/reverseArray/logs/perf_result.json,,"missing dirs: input, expected, output, migrated | missing source URL"
transpose,cuda_primitive,easy,ece4500group18/cuda-sycl-benchmark,authored,MIT,__global__;cudaMalloc;cudaMemcpy;cudaFree;dim3;2D_indexing,yes,yes,yes,perf_ready,pass,pass,perf_ready,benchmark/cases/memory-movement/transpose/logs/verify_result.json,benchmark/cases/memory-movement/transpose/logs/perf_result.json,,"missing dirs: input, expected, output, migrated | missing source URL"
transposeShared,cuda_primitive,medium,ece4500group18/cuda-sycl-benchmark,authored,MIT,__shared__;__syncthreads;tiling;coalescing,yes,yes,yes,perf_ready,pass,pass,perf_ready,benchmark/cases/memory-movement/transposeShared/logs/verify_result.json,benchmark/cases/memory-movement/transposeShared/logs/perf_result.json,,"missing dirs: input, expected, output, migrated | missing source URL"
vllmKvCacheReshape,modern_ml,medium,vllm-project/vllm,simplified,Apache-2.0,__global__;tensor_layout;cache_write;strided_copy,yes,yes,yes,raw,pass,pass,perf_ready,benchmark/cases/memory-movement/vllmKvCacheReshape/logs/verify_result.json,benchmark/cases/memory-movement/vllmKvCacheReshape/logs/perf_result.json,,"missing dirs: input, expected, output, migrated"
cudaSamplesParticlesCollide,hpc,hard,NVIDIA/cuda-samples,extracted,BSD-3-Clause + CUDA EULA note,__global__;__constant__;uniform_grid_hashing;float4;umul24_intrinsics;indirect_indexing;particle_simulation,yes,yes,yes,raw,not_run,not_run,verify_ready,,,,"missing dirs: input, expected, output, migrated"
hecbenchCfdFlux,hpc,medium,ORNL/HeCBench,simplified,BSD-3-Clause,__global__;finite_volume;sqrtf,yes,yes,yes,raw,pass,pass,perf_ready,benchmark/cases/molecular-dynamics/hecbenchCfdFlux/logs/verify_result.json,benchmark/cases/molecular-dynamics/hecbenchCfdFlux/logs/perf_result.json,,"missing dirs: input, expected, output, migrated"
hecbenchHaccmkShortForce,hpc,medium,ORNL/HeCBench,extracted,BSD-3-Clause,__global__;n_body;sqrtf;polynomial_evaluation;branchless_predication,yes,yes,yes,raw,not_run,not_run,verify_ready,,,,"missing dirs: input, expected, output, migrated"
hecbenchIsingMetropolis,hpc,hard,ORNL/HeCBench,extracted,BSD-3-Clause,__global__;template_kernel;monte_carlo;stencil_periodic;expf;signed_char_data;long_long_indexing,yes,yes,yes,raw,not_run,not_run,verify_ready,,,,"missing dirs: input, expected, output, migrated"
hecbenchLavaMdPairForce,hpc,hard,ORNL/HeCBench,simplified,BSD-3-Clause,__global__;n_body;loop,yes,yes,yes,raw,pass,pass,perf_ready,benchmark/cases/molecular-dynamics/hecbenchLavaMdPairForce/logs/verify_result.json,benchmark/cases/molecular-dynamics/hecbenchLavaMdPairForce/logs/perf_result.json,,"missing dirs: input, expected, output, migrated"
hecbenchMotionsimRandomWalk,hpc,medium,ORNL/HeCBench,extracted,BSD-3-Clause,__global__;random_walk;per_thread_loop;truncf_floorf_indexing;size_t_counters,yes,yes,yes,raw,not_run,not_run,verify_ready,,,,"missing dirs: input, expected, output, migrated"
hecbenchParticleLikelihood,hpc,medium,ORNL/HeCBench,inspired_by,BSD-3-Clause,__global__;particle_filter;expf,yes,yes,yes,raw,pass,pass,perf_ready,benchmark/cases/molecular-dynamics/hecbenchParticleLikelihood/logs/verify_result.json,benchmark/cases/molecular-dynamics/hecbenchParticleLikelihood/logs/perf_result.json,,"missing dirs: input, expected, output, migrated"
hecbenchParticleWeightNorm2,hpc,medium,ORNL/HeCBench,simplified,BSD-3-Clause,__global__;particle_filter;normalization,yes,yes,yes,raw,pass,pass,perf_ready,benchmark/cases/molecular-dynamics/hecbenchParticleWeightNorm2/logs/verify_result.json,benchmark/cases/molecular-dynamics/hecbenchParticleWeightNorm2/logs/perf_result.json,,"missing dirs: input, expected, output, migrated"
hecbenchShocMdLjForce,hpc,medium,ORNL/HeCBench,extracted,BSD-3-Clause,__global__;neighbor_list_gather;uncoalesced_access;float4;n_body,yes,yes,yes,raw,not_run,not_run,verify_ready,,,,"missing dirs: input, expected, output, migrated"
hecbenchSphFluidStep,hpc,hard,ORNL/HeCBench,extracted,BSD-3-Clause,__global__;multi_kernel_pipeline;double_precision;aos_struct_data;device_struct_params;n_body;pow,yes,yes,yes,raw,not_run,not_run,verify_ready,,,,"missing dirs: input, expected, output, migrated"
nbodyTiled,cuda_primitive,medium,ece4500group18/cuda-sycl-benchmark,authored,MIT,__shared__;__syncthreads;tiling,yes,yes,yes,perf_ready,pass,pass,perf_ready,benchmark/cases/molecular-dynamics/nbodyTiled/logs/verify_result.json,benchmark/cases/molecular-dynamics/nbodyTiled/logs/perf_result.json,,"missing dirs: input, expected, migrated | missing source URL"
particleUpdate,hpc,medium,ece4500group18/cuda-sycl-benchmark,authored,MIT,__global__;particle_simulation;multiple_arrays,yes,yes,yes,raw,pass,pass,perf_ready,benchmark/cases/molecular-dynamics/particleUpdate/logs/verify_result.json,benchmark/cases/molecular-dynamics/particleUpdate/logs/perf_result.json,,"missing dirs: input, expected, output, migrated"
attention,modern_ml,hard,ece4500group18/cuda-sycl-benchmark,authored,MIT,__global__;__shared__;reduction,yes,yes,yes,perf_ready,pass,pass,perf_ready,benchmark/cases/multi-kernel-pipelines/attention/logs/verify_result.json,benchmark/cases/multi-kernel-pipelines/attention/logs/perf_result.json,,"missing dirs: input, expected, output, migrated | missing source URL"
flashAttentionScoreValue,modern_ml,hard,Dao-AILab/flash-attention,simplified,BSD-3-Clause,__global__;__shared__;attention;softmax;value_accumulation,yes,yes,yes,raw,pass,pass,perf_ready,benchmark/cases/multi-kernel-pipelines/flashAttentionScoreValue/logs/verify_result.json,benchmark/cases/multi-kernel-pipelines/flashAttentionScoreValue/logs/perf_result.json,,"missing dirs: input, expected, output, migrated"
hecbenchKmeansIterate,hpc,medium,ORNL/HeCBench,extracted,BSD-3-Clause,__global__;multi_kernel_pipeline;host_device_alternation;transpose;argmin_loop,yes,yes,yes,raw,not_run,not_run,verify_ready,,,,"missing dirs: input, expected, output, migrated"
hecbenchLudDecomposition,hpc,hard,ORNL/HeCBench,extracted,BSD-3-Clause,__global__;multi_kernel_pipeline;__shared__;tiling;iterative_offsets;in_place_update,yes,yes,yes,raw,not_run,not_run,verify_ready,,,,"missing dirs: input, expected, output, migrated"
bnbBlockScaleQuant2,modern_ml,medium,bitsandbytes-foundation/bitsandbytes,simplified,MIT,__global__;quantization;integer_arithmetic,yes,yes,yes,raw,pass,pass,perf_ready,benchmark/cases/reductions-scans/bnbBlockScaleQuant2/logs/verify_result.json,benchmark/cases/reductions-scans/bnbBlockScaleQuant2/logs/perf_result.json,,"missing dirs: input, expected, output, migrated"
bnbBlockwiseAbsmax,modern_ml,medium,bitsandbytes-foundation/bitsandbytes,simplified,MIT,__global__;__shared__;block_reduction;quantization,yes,yes,yes,raw,pass,pass,perf_ready,benchmark/cases/reductions-scans/bnbBlockwiseAbsmax/logs/verify_result.json,benchmark/cases/reductions-scans/bnbBlockwiseAbsmax/logs/perf_result.json,,"missing dirs: input, expected, output, migrated"
bnbInt8VectorQuant,modern_ml,hard,bitsandbytes-foundation/bitsandbytes,simplified,MIT,__global__;__shared__;int8_quantization;block_scale,yes,yes,yes,raw,pass,pass,perf_ready,benchmark/cases/reductions-scans/bnbInt8VectorQuant/logs/verify_result.json,benchmark/cases/reductions-scans/bnbInt8VectorQuant/logs/perf_result.json,,"missing dirs: input, expected, output, migrated"
bnbL2NormBlockReduce,modern_ml,medium,bitsandbytes-foundation/bitsandbytes,simplified,MIT,__global__;__shared__;block_reduction;sqrtf,yes,yes,yes,raw,pass,pass,perf_ready,benchmark/cases/reductions-scans/bnbL2NormBlockReduce/logs/verify_result.json,benchmark/cases/reductions-scans/bnbL2NormBlockReduce/logs/perf_result.json,,"missing dirs: input, expected, output, migrated"
bnbPercentileClipping,modern_ml,medium,bitsandbytes-foundation/bitsandbytes,simplified,MIT,__global__;__shared__;block_reduction;clamp,yes,yes,yes,raw,pass,pass,perf_ready,benchmark/cases/reductions-scans/bnbPercentileClipping/logs/verify_result.json,benchmark/cases/reductions-scans/bnbPercentileClipping/logs/perf_result.json,,"missing dirs: input, expected, output, migrated"
cudaSamplesSharedReduceSum2,cuda_primitive,medium,NVIDIA/cuda-samples,inspired_by,BSD-3-Clause + CUDA EULA note,__global__;__shared__;reduction,yes,yes,yes,raw,pass,pass,perf_ready,benchmark/cases/reductions-scans/cudaSamplesSharedReduceSum2/logs/verify_result.json,benchmark/cases/reductions-scans/cudaSamplesSharedReduceSum2/logs/perf_result.json,,"missing dirs: input, expected, output, migrated"
cudaSamplesWarpPrefixLane,cuda_primitive,medium,NVIDIA/cuda-samples,inspired_by,BSD-3-Clause + CUDA EULA note,__global__;__shfl_up_sync;warp_scan,yes,yes,yes,raw,pass,pass,perf_ready,benchmark/cases/reductions-scans/cudaSamplesWarpPrefixLane/logs/verify_result.json,benchmark/cases/reductions-scans/cudaSamplesWarpPrefixLane/logs/perf_result.json,,"missing dirs: input, expected, output, migrated"
cudaSamplesWarpShuffleReduce,cuda_primitive,hard,NVIDIA/cuda-samples,inspired_by,BSD-3-Clause + CUDA EULA note,__global__;__shfl_down_sync;warp_reduction,yes,yes,yes,raw,pass,pass,perf_ready,benchmark/cases/reductions-scans/cudaSamplesWarpShuffleReduce/logs/verify_result.json,benchmark/cases/reductions-scans/cudaSamplesWarpShuffleReduce/logs/perf_result.json,,"missing dirs: input, expected, output, migrated"
dotProduct,cuda_primitive,medium,ece4500group18/cuda-sycl-benchmark,authored,MIT,__shared__;__syncthreads;reduction,yes,yes,yes,perf_ready,pass,pass,perf_ready,benchmark/cases/reductions-scans/dotProduct/logs/verify_result.json,benchmark/cases/reductions-scans/dotProduct/logs/perf_result.json,,"missing dirs: input, expected, output, migrated | missing source URL"
flashCausalMaskSoftmax,modern_ml,hard,Dao-AILab/flash-attention,simplified,BSD-3-Clause,__global__;__shared__;causal_mask;softmax;reduction,yes,yes,yes,raw,pass,pass,perf_ready,benchmark/cases/reductions-scans/flashCausalMaskSoftmax/logs/verify_result.json,benchmark/cases/reductions-scans/flashCausalMaskSoftmax/logs/perf_result.json,,"missing dirs: input, expected, output, migrated"
flashOnlineSoftmax,modern_ml,hard,Dao-AILab/flash-attention,simplified,BSD-3-Clause,__global__;online_softmax;expf;rowwise,yes,yes,yes,raw,pass,pass,perf_ready,benchmark/cases/reductions-scans/flashOnlineSoftmax/logs/verify_result.json,benchmark/cases/reductions-scans/flashOnlineSoftmax/logs/perf_result.json,,"missing dirs: input, expected, output, migrated"
flashRowMaxStats,modern_ml,medium,Dao-AILab/flash-attention,simplified,BSD-3-Clause,__global__;row_reduction;softmax_stats,yes,yes,yes,raw,pass,pass,perf_ready,benchmark/cases/reductions-scans/flashRowMaxStats/logs/verify_result.json,benchmark/cases/reductions-scans/flashRowMaxStats/logs/perf_result.json,,"missing dirs: input, expected, output, migrated"
flashSoftmaxDenomStats,modern_ml,medium,Dao-AILab/flash-attention,simplified,BSD-3-Clause,__global__;expf;row_reduction,yes,yes,yes,raw,pass,pass,perf_ready,benchmark/cases/reductions-scans/flashSoftmaxDenomStats/logs/verify_result.json,benchmark/cases/reductions-scans/flashSoftmaxDenomStats/logs/perf_result.json,,"missing dirs: input, expected, output, migrated"
ggmlArgmaxRows,modern_ml,hard,ggml-org/llama.cpp,simplified,MIT,__global__;__shared__;reduction;argmax,yes,yes,yes,raw,pass,pass,perf_ready,benchmark/cases/reductions-scans/ggmlArgmaxRows/logs/verify_result.json,benchmark/cases/reductions-scans/ggmlArgmaxRows/logs/perf_result.json,,"missing dirs: input, expected, output, migrated"
ggmlCausalSoftmax,modern_ml,hard,ggml-org/llama.cpp,simplified,MIT,__global__;__shared__;softmax;causal_mask;reduction,yes,yes,yes,raw,pass,pass,perf_ready,benchmark/cases/reductions-scans/ggmlCausalSoftmax/logs/verify_result.json,benchmark/cases/reductions-scans/ggmlCausalSoftmax/logs/perf_result.json,,"missing dirs: input, expected, output, migrated"
ggmlCumsumRows,modern_ml,medium,ggml-org/llama.cpp,simplified,MIT,__global__;prefix_sum;rowwise,yes,yes,yes,raw,pass,pass,perf_ready,benchmark/cases/reductions-scans/ggmlCumsumRows/logs/verify_result.json,benchmark/cases/reductions-scans/ggmlCumsumRows/logs/perf_result.json,,"missing dirs: input, expected, output, migrated"
ggmlMeanRows,modern_ml,medium,ggml-org/llama.cpp,simplified,MIT,__global__;__shared__;reduction,yes,yes,yes,raw,pass,pass,perf_ready,benchmark/cases/reductions-scans/ggmlMeanRows/logs/verify_result.json,benchmark/cases/reductions-scans/ggmlMeanRows/logs/perf_result.json,,"missing dirs: input, expected, output, migrated"
ggmlQuantizeQ8,modern_ml,hard,ggml-org/llama.cpp,simplified,MIT,__global__;__shared__;block_reduction;quantization,yes,yes,yes,raw,pass,pass,perf_ready,benchmark/cases/reductions-scans/ggmlQuantizeQ8/logs/verify_result.json,benchmark/cases/reductions-scans/ggmlQuantizeQ8/logs/perf_result.json,,"missing dirs: input, expected, output, migrated"
ggmlRmsNormBlock,modern_ml,hard,ggml-org/llama.cpp,simplified,MIT,__global__;__shared__;block_reduction;rsqrtf,yes,yes,yes,raw,pass,pass,perf_ready,benchmark/cases/reductions-scans/ggmlRmsNormBlock/logs/verify_result.json,benchmark/cases/reductions-scans/ggmlRmsNormBlock/logs/perf_result.json,,"missing dirs: input, expected, output, migrated"
ggmlSumRows2,modern_ml,medium,ggml-org/llama.cpp,simplified,MIT,__global__;row_reduction,yes,yes,yes,raw,pass,pass,perf_ready,benchmark/cases/reductions-scans/ggmlSumRows2/logs/verify_result.json,benchmark/cases/reductions-scans/ggmlSumRows2/logs/perf_result.json,,"missing dirs: input, expected, output, migrated"
hecbenchPrefixScanHill,hpc,medium,ORNL/HeCBench,inspired_by,BSD-3-Clause,__global__;prefix_sum;scan,yes,yes,yes,raw,pass,pass,perf_ready,benchmark/cases/reductions-scans/hecbenchPrefixScanHill/logs/verify_result.json,benchmark/cases/reductions-scans/hecbenchPrefixScanHill/logs/perf_result.json,,"missing dirs: input, expected, output, migrated"
hecbenchReductionMinMax,hpc,medium,ORNL/HeCBench,inspired_by,BSD-3-Clause,__global__;reduction;atomic,yes,yes,yes,raw,pass,pass,perf_ready,benchmark/cases/reductions-scans/hecbenchReductionMinMax/logs/verify_result.json,benchmark/cases/reductions-scans/hecbenchReductionMinMax/logs/perf_result.json,,"missing dirs: input, expected, output, migrated"
layernorm,modern_ml,hard,ece4500group18/cuda-sycl-benchmark,authored,MIT,__global__;__shared__;reduction,yes,yes,yes,perf_ready,pass,pass,perf_ready,benchmark/cases/reductions-scans/layernorm/logs/verify_result.json,benchmark/cases/reductions-scans/layernorm/logs/perf_result.json,,"missing dirs: input, expected, output, migrated | missing source URL"
reduceMax,cuda_primitive,medium,ece4500group18/cuda-sycl-benchmark,authored,MIT,__shared__;__syncthreads;reduction,yes,yes,yes,perf_ready,pass,pass,perf_ready,benchmark/cases/reductions-scans/reduceMax/logs/verify_result.json,benchmark/cases/reductions-scans/reduceMax/logs/perf_result.json,,"missing dirs: input, expected, output, migrated | missing source URL"
reduceSum,cuda_primitive,medium,ece4500group18/cuda-sycl-benchmark,authored,MIT,__shared__;__syncthreads;reduction;cudaMalloc;cudaMemcpy,yes,yes,yes,perf_ready,pass,pass,perf_ready,benchmark/cases/reductions-scans/reduceSum/logs/verify_result.json,benchmark/cases/reductions-scans/reduceSum/logs/perf_result.json,,"missing dirs: input, expected, output, migrated | missing source URL"
rmsnorm,modern_ml,hard,ece4500group18/cuda-sycl-benchmark,authored,MIT,__global__;__shared__;reduction,yes,yes,yes,perf_ready,pass,pass,perf_ready,benchmark/cases/reductions-scans/rmsnorm/logs/verify_result.json,benchmark/cases/reductions-scans/rmsnorm/logs/perf_result.json,,"missing dirs: input, expected, output, migrated | missing source URL"
scanBlock,cuda_primitive,medium,ece4500group18/cuda-sycl-benchmark,authored,MIT,__shared__;__syncthreads;scan,yes,yes,yes,perf_ready,pass,pass,perf_ready,benchmark/cases/reductions-scans/scanBlock/logs/verify_result.json,benchmark/cases/reductions-scans/scanBlock/logs/perf_result.json,,"missing dirs: input, expected, output, migrated | missing source URL"
softmax,modern_ml,hard,ece4500group18/cuda-sycl-benchmark,authored,MIT,__global__;__shared__;reduction,yes,yes,yes,perf_ready,pass,pass,perf_ready,benchmark/cases/reductions-scans/softmax/logs/verify_result.json,benchmark/cases/reductions-scans/softmax/logs/perf_result.json,,"missing dirs: input, expected, output, migrated | missing source URL"
topk,modern_ml,hard,ece4500group18/cuda-sycl-benchmark,authored,MIT,__global__;selection,yes,yes,yes,perf_ready,pass,pass,perf_ready,benchmark/cases/reductions-scans/topk/logs/verify_result.json,benchmark/cases/reductions-scans/topk/logs/perf_result.json,,"missing dirs: input, expected, output, migrated | missing source URL"
vllmFusedAddRmsNorm,modern_ml,hard,vllm-project/vllm,simplified,Apache-2.0,__global__;__shared__;residual;rmsnorm;reduction,yes,yes,yes,raw,pass,pass,perf_ready,benchmark/cases/reductions-scans/vllmFusedAddRmsNorm/logs/verify_result.json,benchmark/cases/reductions-scans/vllmFusedAddRmsNorm/logs/perf_result.json,,"missing dirs: input, expected, output, migrated"
vllmLayernormResidual,modern_ml,hard,vllm-project/vllm,simplified,Apache-2.0,__global__;__shared__;layernorm;mean_variance;residual,yes,yes,yes,raw,pass,pass,perf_ready,benchmark/cases/reductions-scans/vllmLayernormResidual/logs/verify_result.json,benchmark/cases/reductions-scans/vllmLayernormResidual/logs/perf_result.json,,"missing dirs: input, expected, output, migrated"
vllmPerTokenInt8Quant,modern_ml,hard,vllm-project/vllm,simplified,Apache-2.0,__global__;__shared__;per_token_scale;quantization,yes,yes,yes,raw,pass,pass,perf_ready,benchmark/cases/reductions-scans/vllmPerTokenInt8Quant/logs/verify_result.json,benchmark/cases/reductions-scans/vllmPerTokenInt8Quant/logs/perf_result.json,,"missing dirs: input, expected, output, migrated"
vllmRmsNormEps2,modern_ml,medium,vllm-project/vllm,simplified,Apache-2.0,__global__;normalization;rowwise,yes,yes,yes,raw,pass,pass,perf_ready,benchmark/cases/reductions-scans/vllmRmsNormEps2/logs/verify_result.json,benchmark/cases/reductions-scans/vllmRmsNormEps2/logs/perf_result.json,,"missing dirs: input, expected, output, migrated"
vllmTop1MoEGate,modern_ml,hard,vllm-project/vllm,inspired_by,Apache-2.0,__global__;topk;routing,yes,yes,yes,raw,pass,pass,perf_ready,benchmark/cases/reductions-scans/vllmTop1MoEGate/logs/verify_result.json,benchmark/cases/reductions-scans/vllmTop1MoEGate/logs/perf_result.json,,"missing dirs: input, expected, output, migrated"
adamUpdate,modern_ml,medium,ece4500group18/cuda-sycl-benchmark,authored,MIT,__global__;optimizer;sqrtf;multiple_arrays,yes,yes,yes,raw,pass,pass,perf_ready,benchmark/cases/simple-kernels/adamUpdate/logs/verify_result.json,benchmark/cases/simple-kernels/adamUpdate/logs/perf_result.json,,"missing dirs: input, expected, output, migrated"
affine,cuda_primitive,easy,ece4500group18/cuda-sycl-benchmark,authored,MIT,__global__;cudaMalloc;cudaMemcpy;cudaFree,yes,yes,yes,perf_ready,pass,pass,perf_ready,benchmark/cases/simple-kernels/affine/logs/verify_result.json,benchmark/cases/simple-kernels/affine/logs/perf_result.json,,"missing dirs: input, expected, output, migrated | missing source URL"
biasAddRelu,modern_ml,medium,ece4500group18/cuda-sycl-benchmark,authored,MIT,__global__;2D_indexing;activation;broadcast,yes,yes,yes,raw,pass,pass,perf_ready,benchmark/cases/simple-kernels/biasAddRelu/logs/verify_result.json,benchmark/cases/simple-kernels/biasAddRelu/logs/perf_result.json,,"missing dirs: input, expected, output, migrated"
bitonicSort,cuda_primitive,medium,ece4500group18/cuda-sycl-benchmark,authored,MIT,__shared__;__syncthreads;sorting,yes,yes,yes,perf_ready,pass,pass,perf_ready,benchmark/cases/simple-kernels/bitonicSort/logs/verify_result.json,benchmark/cases/simple-kernels/bitonicSort/logs/perf_result.json,,"missing dirs: input, expected, output, migrated | missing source URL"
bnbAdam8bitMoments,modern_ml,hard,bitsandbytes-foundation/bitsandbytes,simplified,MIT,__global__;optimizer;int8_dequantization;sqrtf,yes,yes,yes,raw,pass,pass,perf_ready,benchmark/cases/simple-kernels/bnbAdam8bitMoments/logs/verify_result.json,benchmark/cases/simple-kernels/bnbAdam8bitMoments/logs/perf_result.json,,"missing dirs: input, expected, output, migrated"
bnbAdamWDecayStep,modern_ml,medium,bitsandbytes-foundation/bitsandbytes,inspired_by,MIT,__global__;optimizer;sqrtf,yes,yes,yes,raw,pass,pass,perf_ready,benchmark/cases/simple-kernels/bnbAdamWDecayStep/logs/verify_result.json,benchmark/cases/simple-kernels/bnbAdamWDecayStep/logs/perf_result.json,,"missing dirs: input, expected, output, migrated"
bnbDequantizeBlockwise,modern_ml,medium,bitsandbytes-foundation/bitsandbytes,simplified,MIT,__global__;int8_t;dequantization;block_scale,yes,yes,yes,raw,pass,pass,perf_ready,benchmark/cases/simple-kernels/bnbDequantizeBlockwise/logs/verify_result.json,benchmark/cases/simple-kernels/bnbDequantizeBlockwise/logs/perf_result.json,,"missing dirs: input, expected, output, migrated"
bnbInt8RowDequant,modern_ml,medium,bitsandbytes-foundation/bitsandbytes,simplified,MIT,__global__;int8;dequantization,yes,yes,yes,raw,pass,pass,perf_ready,benchmark/cases/simple-kernels/bnbInt8RowDequant/logs/verify_result.json,benchmark/cases/simple-kernels/bnbInt8RowDequant/logs/perf_result.json,,"missing dirs: input, expected, output, migrated"
bnbMomentUpdate2,modern_ml,medium,bitsandbytes-foundation/bitsandbytes,simplified,MIT,__global__;optimizer;fused_update,yes,yes,yes,raw,pass,pass,perf_ready,benchmark/cases/simple-kernels/bnbMomentUpdate2/logs/verify_result.json,benchmark/cases/simple-kernels/bnbMomentUpdate2/logs/perf_result.json,,"missing dirs: input, expected, output, migrated"
bnbNf4Dequant,modern_ml,medium,bitsandbytes-foundation/bitsandbytes,simplified,MIT,__global__;lookup_table;4bit_dequantization,yes,yes,yes,raw,pass,pass,perf_ready,benchmark/cases/simple-kernels/bnbNf4Dequant/logs/verify_result.json,benchmark/cases/simple-kernels/bnbNf4Dequant/logs/perf_result.json,,"missing dirs: input, expected, output, migrated"
flashAlibiBias,modern_ml,medium,Dao-AILab/flash-attention,simplified,BSD-3-Clause,__global__;attention_bias;2D_indexing,yes,yes,yes,raw,pass,pass,perf_ready,benchmark/cases/simple-kernels/flashAlibiBias/logs/verify_result.json,benchmark/cases/simple-kernels/flashAlibiBias/logs/perf_result.json,,"missing dirs: input, expected, output, migrated"
flashCausalDropoutMask2,modern_ml,medium,Dao-AILab/flash-attention,simplified,BSD-3-Clause,__global__;attention_mask;dropout,yes,yes,yes,raw,pass,pass,perf_ready,benchmark/cases/simple-kernels/flashCausalDropoutMask2/logs/verify_result.json,benchmark/cases/simple-kernels/flashCausalDropoutMask2/logs/perf_result.json,,"missing dirs: input, expected, output, migrated"
flashDropoutMaskApply,modern_ml,medium,Dao-AILab/flash-attention,simplified,BSD-3-Clause,__global__;dropout;masking;hash_rng,yes,yes,yes,raw,pass,pass,perf_ready,benchmark/cases/simple-kernels/flashDropoutMaskApply/logs/verify_result.json,benchmark/cases/simple-kernels/flashDropoutMaskApply/logs/perf_result.json,,"missing dirs: input, expected, output, migrated"
flashRotaryHalf2Pair,modern_ml,medium,Dao-AILab/flash-attention,simplified,BSD-3-Clause,__global__;sinf;cosf;rotary_embedding,yes,yes,yes,raw,pass,pass,perf_ready,benchmark/cases/simple-kernels/flashRotaryHalf2Pair/logs/verify_result.json,benchmark/cases/simple-kernels/flashRotaryHalf2Pair/logs/perf_result.json,,"missing dirs: input, expected, output, migrated"
flashScaleMaskScores,modern_ml,medium,Dao-AILab/flash-attention,simplified,BSD-3-Clause,__global__;attention_mask;2D_indexing,yes,yes,yes,raw,pass,pass,perf_ready,benchmark/cases/simple-kernels/flashScaleMaskScores/logs/verify_result.json,benchmark/cases/simple-kernels/flashScaleMaskScores/logs/perf_result.json,,"missing dirs: input, expected, output, migrated"
gelu,modern_ml,hard,ece4500group18/cuda-sycl-benchmark,authored,MIT,__global__;elementwise,yes,yes,yes,perf_ready,pass,pass,perf_ready,benchmark/cases/simple-kernels/gelu/logs/verify_result.json,benchmark/cases/simple-kernels/gelu/logs/perf_result.json,,"missing dirs: input, expected, output, migrated | missing source URL"
ggmlAbsKernel2,modern_ml,easy,ggml-org/llama.cpp,simplified,MIT,__global__;elementwise;unary_op,yes,yes,yes,raw,pass,pass,perf_ready,benchmark/cases/simple-kernels/ggmlAbsKernel2/logs/verify_result.json,benchmark/cases/simple-kernels/ggmlAbsKernel2/logs/perf_result.json,,"missing dirs: input, expected, output, migrated"
ggmlAddRowsBroadcast,modern_ml,medium,ggml-org/llama.cpp,simplified,MIT,__global__;broadcast;2D_indexing,yes,yes,yes,raw,pass,pass,perf_ready,benchmark/cases/simple-kernels/ggmlAddRowsBroadcast/logs/verify_result.json,benchmark/cases/simple-kernels/ggmlAddRowsBroadcast/logs/perf_result.json,,"missing dirs: input, expected, output, migrated"
ggmlClampKernel,modern_ml,medium,ggml-org/llama.cpp,simplified,MIT,__global__;branching;elementwise,yes,yes,yes,raw,pass,pass,perf_ready,benchmark/cases/simple-kernels/ggmlClampKernel/logs/verify_result.json,benchmark/cases/simple-kernels/ggmlClampKernel/logs/perf_result.json,,"missing dirs: input, expected, output, migrated"
ggmlDiagMask,modern_ml,medium,ggml-org/llama.cpp,simplified,MIT,__global__;2D_indexing;masking,yes,yes,yes,raw,pass,pass,perf_ready,benchmark/cases/simple-kernels/ggmlDiagMask/logs/verify_result.json,benchmark/cases/simple-kernels/ggmlDiagMask/logs/perf_result.json,,"missing dirs: input, expected, output, migrated"
ggmlEluKernel,modern_ml,medium,ggml-org/llama.cpp,inspired_by,MIT,__global__;expf;activation,yes,yes,yes,raw,pass,pass,perf_ready,benchmark/cases/simple-kernels/ggmlEluKernel/logs/verify_result.json,benchmark/cases/simple-kernels/ggmlEluKernel/logs/perf_result.json,,"missing dirs: input, expected, output, migrated"
ggmlMulRowsBroadcast,modern_ml,medium,ggml-org/llama.cpp,simplified,MIT,__global__;broadcast;2D_indexing,yes,yes,yes,raw,pass,pass,perf_ready,benchmark/cases/simple-kernels/ggmlMulRowsBroadcast/logs/verify_result.json,benchmark/cases/simple-kernels/ggmlMulRowsBroadcast/logs/perf_result.json,,"missing dirs: input, expected, output, migrated"
ggmlNegKernel,modern_ml,easy,ggml-org/llama.cpp,simplified,MIT,__global__;elementwise;unary_op,yes,yes,yes,raw,pass,pass,perf_ready,benchmark/cases/simple-kernels/ggmlNegKernel/logs/verify_result.json,benchmark/cases/simple-kernels/ggmlNegKernel/logs/perf_result.json,,"missing dirs: input, expected, output, migrated"
ggmlQ4Dequant,modern_ml,hard,ggml-org/llama.cpp,simplified,MIT,__global__;uint8_t;bit_unpack;quantization,yes,yes,yes,raw,pass,pass,perf_ready,benchmark/cases/simple-kernels/ggmlQ4Dequant/logs/verify_result.json,benchmark/cases/simple-kernels/ggmlQ4Dequant/logs/perf_result.json,,"missing dirs: input, expected, output, migrated"
ggmlQ8Dequant,modern_ml,medium,ggml-org/llama.cpp,simplified,MIT,__global__;int8_t;quantization;block_layout,yes,yes,yes,raw,pass,pass,perf_ready,benchmark/cases/simple-kernels/ggmlQ8Dequant/logs/verify_result.json,benchmark/cases/simple-kernels/ggmlQ8Dequant/logs/perf_result.json,,"missing dirs: input, expected, output, migrated"
ggmlRopeInterleaved,modern_ml,hard,ggml-org/llama.cpp,simplified,MIT,__global__;sinf;cosf;tensor_layout,yes,yes,yes,raw,pass,pass,perf_ready,benchmark/cases/simple-kernels/ggmlRopeInterleaved/logs/verify_result.json,benchmark/cases/simple-kernels/ggmlRopeInterleaved/logs/perf_result.json,,"missing dirs: input, expected, output, migrated"
ggmlSoftcap,modern_ml,medium,ggml-org/llama.cpp,simplified,MIT,__global__;tanhf;activation,yes,yes,yes,raw,pass,pass,perf_ready,benchmark/cases/simple-kernels/ggmlSoftcap/logs/verify_result.json,benchmark/cases/simple-kernels/ggmlSoftcap/logs/perf_result.json,,"missing dirs: input, expected, output, migrated"
ggmlSqrKernel,modern_ml,easy,ggml-org/llama.cpp,simplified,MIT,__global__;elementwise;unary_op,yes,yes,yes,raw,pass,pass,perf_ready,benchmark/cases/simple-kernels/ggmlSqrKernel/logs/verify_result.json,benchmark/cases/simple-kernels/ggmlSqrKernel/logs/perf_result.json,,"missing dirs: input, expected, output, migrated"
ggmlTanhKernel,modern_ml,medium,ggml-org/llama.cpp,simplified,MIT,__global__;tanhf;activation,yes,yes,yes,raw,pass,pass,perf_ready,benchmark/cases/simple-kernels/ggmlTanhKernel/logs/verify_result.json,benchmark/cases/simple-kernels/ggmlTanhKernel/logs/perf_result.json,,"missing dirs: input, expected, output, migrated"
gridStride,cuda_primitive,easy,ece4500group18/cuda-sycl-benchmark,authored,MIT,__global__;grid_stride_loop;cudaMalloc;cudaMemcpy;cudaFree,yes,yes,yes,perf_ready,pass,pass,perf_ready,benchmark/cases/simple-kernels/gridStride/logs/verify_result.json,benchmark/cases/simple-kernels/gridStride/logs/perf_result.json,,"missing dirs: input, expected, output, migrated | missing source URL"
hadamard,cuda_primitive,easy,ece4500group18/cuda-sycl-benchmark,authored,MIT,__global__;cudaMalloc;cudaMemcpy;cudaFree;elementwise,yes,yes,yes,perf_ready,pass,pass,perf_ready,benchmark/cases/simple-kernels/hadamard/logs/verify_result.json,benchmark/cases/simple-kernels/hadamard/logs/perf_result.json,,"missing dirs: input, expected, output, migrated | missing source URL"
hecbenchBitonicCompare2,hpc,medium,ORNL/HeCBench,simplified,BSD-3-Clause,__global__;compare_exchange;sorting,yes,yes,yes,raw,pass,pass,perf_ready,benchmark/cases/simple-kernels/hecbenchBitonicCompare2/logs/verify_result.json,benchmark/cases/simple-kernels/hecbenchBitonicCompare2/logs/perf_result.json,,"missing dirs: input, expected, output, migrated"
hecbenchBitonicPass,hpc,medium,ORNL/HeCBench,simplified,BSD-3-Clause,__global__;compare_swap;branching,yes,yes,yes,raw,pass,pass,perf_ready,benchmark/cases/simple-kernels/hecbenchBitonicPass/logs/verify_result.json,benchmark/cases/simple-kernels/hecbenchBitonicPass/logs/perf_result.json,,"missing dirs: input, expected, output, migrated"
hecbenchBlackScholes,hpc,medium,ORNL/HeCBench,simplified,BSD-3-Clause,__global__;erff;financial_model,yes,yes,yes,raw,pass,pass,perf_ready,benchmark/cases/simple-kernels/hecbenchBlackScholes/logs/verify_result.json,benchmark/cases/simple-kernels/hecbenchBlackScholes/logs/perf_result.json,,"missing dirs: input, expected, output, migrated"
hecbenchKmeansAssign,hpc,hard,ORNL/HeCBench,inspired_by,BSD-3-Clause,__global__;nearest_centroid;reduction,yes,yes,yes,raw,pass,pass,perf_ready,benchmark/cases/simple-kernels/hecbenchKmeansAssign/logs/verify_result.json,benchmark/cases/simple-kernels/hecbenchKmeansAssign/logs/perf_result.json,,"missing dirs: input, expected, output, migrated"
hecbenchMandelbrotIter,hpc,medium,ORNL/HeCBench,inspired_by,BSD-3-Clause,__global__;branching;iteration,yes,yes,yes,raw,pass,pass,perf_ready,benchmark/cases/simple-kernels/hecbenchMandelbrotIter/logs/verify_result.json,benchmark/cases/simple-kernels/hecbenchMandelbrotIter/logs/perf_result.json,,"missing dirs: input, expected, output, migrated"
hecbenchMonteCarloAsian,hpc,medium,ORNL/HeCBench,inspired_by,BSD-3-Clause,__global__;monte_carlo;expf,yes,yes,yes,raw,pass,pass,perf_ready,benchmark/cases/simple-kernels/hecbenchMonteCarloAsian/logs/verify_result.json,benchmark/cases/simple-kernels/hecbenchMonteCarloAsian/logs/perf_result.json,,"missing dirs: input, expected, output, migrated"
hecbenchStreamclusterDistance,hpc,medium,ORNL/HeCBench,inspired_by,BSD-3-Clause,__global__;distance;clustering,yes,yes,yes,raw,pass,pass,perf_ready,benchmark/cases/simple-kernels/hecbenchStreamclusterDistance/logs/verify_result.json,benchmark/cases/simple-kernels/hecbenchStreamclusterDistance/logs/perf_result.json,,"missing dirs: input, expected, output, migrated"
monteCarloPi,hpc,hard,ece4500group18/cuda-sycl-benchmark,authored,MIT,__global__;reduction;atomicAdd,yes,yes,yes,perf_ready,pass,pass,perf_ready,benchmark/cases/simple-kernels/monteCarloPi/logs/verify_result.json,benchmark/cases/simple-kernels/monteCarloPi/logs/perf_result.json,,"missing dirs: input, expected, output, migrated | missing source URL"
reluActivation,modern_ml,easy,ece4500group18/cuda-sycl-benchmark,authored,MIT,__global__;elementwise;activation,yes,yes,yes,raw,pass,pass,perf_ready,benchmark/cases/simple-kernels/reluActivation/logs/verify_result.json,benchmark/cases/simple-kernels/reluActivation/logs/perf_result.json,,"missing dirs: input, expected, output, migrated"
residualScaleAdd,modern_ml,easy,ece4500group18/cuda-sycl-benchmark,authored,MIT,__global__;elementwise;residual,yes,yes,yes,raw,pass,pass,perf_ready,benchmark/cases/simple-kernels/residualScaleAdd/logs/verify_result.json,benchmark/cases/simple-kernels/residualScaleAdd/logs/perf_result.json,,"missing dirs: input, expected, output, migrated"
rope,modern_ml,hard,ece4500group18/cuda-sycl-benchmark,authored,MIT,__global__;elementwise,yes,yes,yes,perf_ready,pass,pass,perf_ready,benchmark/cases/simple-kernels/rope/logs/verify_result.json,benchmark/cases/simple-kernels/rope/logs/perf_result.json,,"missing dirs: input, expected, output, migrated | missing source URL"
saxpy,cuda_primitive,easy,ece4500group18/cuda-sycl-benchmark,authored,MIT,__global__;cudaMalloc;cudaMemcpy;cudaFree;scalar_kernel_arg;threadIdx;blockIdx;blockDim,yes,yes,yes,perf_ready,pass,pass,perf_ready,benchmark/cases/simple-kernels/saxpy/logs/verify_result.json,benchmark/cases/simple-kernels/saxpy/logs/perf_result.json,,"missing dirs: input, expected, output, migrated | missing source URL"
siluActivation,modern_ml,medium,ece4500group18/cuda-sycl-benchmark,authored,MIT,__global__;elementwise;expf;activation,yes,yes,yes,raw,pass,pass,perf_ready,benchmark/cases/simple-kernels/siluActivation/logs/verify_result.json,benchmark/cases/simple-kernels/siluActivation/logs/perf_result.json,,"missing dirs: input, expected, output, migrated"
square,cuda_primitive,easy,ece4500group18/cuda-sycl-benchmark,authored,MIT,__global__;cudaMalloc;cudaMemcpy;cudaFree,yes,yes,yes,perf_ready,pass,pass,perf_ready,benchmark/cases/simple-kernels/square/logs/verify_result.json,benchmark/cases/simple-kernels/square/logs/perf_result.json,,"missing dirs: input, expected, output, migrated | missing source URL"
vectorAdd,cuda_primitive,easy,ece4500group18/cuda-sycl-benchmark,authored,MIT,__global__;cudaMalloc;cudaMemcpy;cudaFree;threadIdx;blockIdx;blockDim;kernel_launch,yes,yes,yes,perf_ready,pass,pass,perf_ready,benchmark/cases/simple-kernels/vectorAdd/logs/verify_result.json,benchmark/cases/simple-kernels/vectorAdd/logs/perf_result.json,,"missing dirs: input, expected, migrated | missing source URL"
vllmGeluMul,modern_ml,medium,vllm-project/vllm,simplified,Apache-2.0,__global__;erff;gated_activation,yes,yes,yes,raw,pass,pass,perf_ready,benchmark/cases/simple-kernels/vllmGeluMul/logs/verify_result.json,benchmark/cases/simple-kernels/vllmGeluMul/logs/perf_result.json,,"missing dirs: input, expected, output, migrated"
vllmGeluTanhApprox,modern_ml,medium,vllm-project/vllm,simplified,Apache-2.0,__global__;tanhf;fused_activation,yes,yes,yes,raw,pass,pass,perf_ready,benchmark/cases/simple-kernels/vllmGeluTanhApprox/logs/verify_result.json,benchmark/cases/simple-kernels/vllmGeluTanhApprox/logs/perf_result.json,,"missing dirs: input, expected, output, migrated"
vllmGeluTanhMul2,modern_ml,medium,vllm-project/vllm,simplified,Apache-2.0,__global__;tanhf;gated_activation,yes,yes,yes,raw,pass,pass,perf_ready,benchmark/cases/simple-kernels/vllmGeluTanhMul2/logs/verify_result.json,benchmark/cases/simple-kernels/vllmGeluTanhMul2/logs/perf_result.json,,"missing dirs: input, expected, output, migrated"
vllmLogitsClampScale2,modern_ml,medium,vllm-project/vllm,inspired_by,Apache-2.0,__global__;clamp;logit_transform,yes,yes,yes,raw,pass,pass,perf_ready,benchmark/cases/simple-kernels/vllmLogitsClampScale2/logs/verify_result.json,benchmark/cases/simple-kernels/vllmLogitsClampScale2/logs/perf_result.json,,"missing dirs: input, expected, output, migrated"
vllmSiluMul,modern_ml,medium,vllm-project/vllm,simplified,Apache-2.0,__global__;expf;fused_activation,yes,yes,yes,raw,pass,pass,perf_ready,benchmark/cases/simple-kernels/vllmSiluMul/logs/verify_result.json,benchmark/cases/simple-kernels/vllmSiluMul/logs/perf_result.json,,"missing dirs: input, expected, output, migrated"
vllmSoftcapLogits,modern_ml,medium,vllm-project/vllm,simplified,Apache-2.0,__global__;tanhf;logit_transform,yes,yes,yes,raw,pass,pass,perf_ready,benchmark/cases/simple-kernels/vllmSoftcapLogits/logs/verify_result.json,benchmark/cases/simple-kernels/vllmSoftcapLogits/logs/perf_result.json,,"missing dirs: input, expected, output, migrated"
vllmSwigluGate2,modern_ml,medium,vllm-project/vllm,simplified,Apache-2.0,__global__;expf;gated_activation,yes,yes,yes,raw,pass,pass,perf_ready,benchmark/cases/simple-kernels/vllmSwigluGate2/logs/verify_result.json,benchmark/cases/simple-kernels/vllmSwigluGate2/logs/perf_result.json,,"missing dirs: input, expected, output, migrated"
xformersSiluBiasMul2,modern_ml,medium,facebookresearch/xformers,inspired_by,BSD-3-Clause,__global__;expf;gated_activation,yes,yes,yes,raw,pass,pass,perf_ready,benchmark/cases/simple-kernels/xformersSiluBiasMul2/logs/verify_result.json,benchmark/cases/simple-kernels/xformersSiluBiasMul2/logs/perf_result.json,,"missing dirs: input, expected, output, migrated"
xformersSparse24Mask,modern_ml,hard,facebookresearch/xformers,simplified,BSD-3-Clause,__global__;structured_sparsity;top2;branching,yes,yes,yes,raw,pass,pass,perf_ready,benchmark/cases/simple-kernels/xformersSparse24Mask/logs/verify_result.json,benchmark/cases/simple-kernels/xformersSparse24Mask/logs/perf_result.json,,"missing dirs: input, expected, output, migrated"
xformersSwiGLU,modern_ml,medium,facebookresearch/xformers,simplified,BSD-3-Clause,__global__;expf;gated_activation,yes,yes,yes,raw,pass,pass,perf_ready,benchmark/cases/simple-kernels/xformersSwiGLU/logs/verify_result.json,benchmark/cases/simple-kernels/xformersSwiGLU/logs/perf_result.json,,"missing dirs: input, expected, output, migrated"
conv1dShared,cuda_primitive,medium,ece4500group18/cuda-sycl-benchmark,authored,MIT,__shared__;__syncthreads;halo;convolution,yes,yes,yes,perf_ready,pass,pass,perf_ready,benchmark/cases/stencil-convolution/conv1dShared/logs/verify_result.json,benchmark/cases/stencil-convolution/conv1dShared/logs/perf_result.json,,"missing dirs: input, expected, output, migrated | missing source URL"
cudaSamplesSharedStencilHalo,cuda_primitive,medium,NVIDIA/cuda-samples,inspired_by,BSD-3-Clause + CUDA EULA note,__global__;__shared__;stencil,yes,yes,yes,raw,pass,pass,perf_ready,benchmark/cases/stencil-convolution/cudaSamplesSharedStencilHalo/logs/verify_result.json,benchmark/cases/stencil-convolution/cudaSamplesSharedStencilHalo/logs/perf_result.json,,"missing dirs: input, expected, output, migrated"
cudaSamplesTextureLikeBilinear,cuda_primitive,medium,NVIDIA/cuda-samples,inspired_by,BSD-3-Clause + CUDA EULA note,__global__;bilinear_sample;2D_indexing,yes,yes,yes,raw,pass,pass,perf_ready,benchmark/cases/stencil-convolution/cudaSamplesTextureLikeBilinear/logs/verify_result.json,benchmark/cases/stencil-convolution/cudaSamplesTextureLikeBilinear/logs/perf_result.json,,"missing dirs: input, expected, output, migrated"
daliAffineScaleTranslate2,image_processing,medium,NVIDIA/DALI,simplified,Apache-2.0,__global__;affine_transform;sampling,yes,yes,yes,raw,pass,pass,perf_ready,benchmark/cases/stencil-convolution/daliAffineScaleTranslate2/logs/verify_result.json,benchmark/cases/stencil-convolution/daliAffineScaleTranslate2/logs/perf_result.json,,"missing dirs: input, expected, output, migrated"
daliBoundingBoxFlip,image_processing,hard,NVIDIA/DALI,adapted,Apache-2.0,bbox transform;coordinate remap,yes,yes,yes,raw,pass,pass,perf_ready,benchmark/cases/stencil-convolution/daliBoundingBoxFlip/logs/verify_result.json,benchmark/cases/stencil-convolution/daliBoundingBoxFlip/logs/perf_result.json,,"missing dirs: expected, output, migrated"
daliBoxEncode2,image_processing,medium,NVIDIA/DALI,inspired_by,Apache-2.0,__global__;bbox;elementwise,yes,yes,yes,raw,pass,pass,perf_ready,benchmark/cases/stencil-convolution/daliBoxEncode2/logs/verify_result.json,benchmark/cases/stencil-convolution/daliBoxEncode2/logs/perf_result.json,,"missing dirs: input, expected, output, migrated"
daliBoxEncoder,image_processing,hard,NVIDIA/DALI,adapted,Apache-2.0,bbox IoU;branching;per-anchor reduction,yes,yes,yes,raw,pass,pass,perf_ready,benchmark/cases/stencil-convolution/daliBoxEncoder/logs/verify_result.json,benchmark/cases/stencil-convolution/daliBoxEncoder/logs/perf_result.json,,"missing dirs: expected, output, migrated"
daliBrightnessContrast2,image_processing,medium,NVIDIA/DALI,simplified,Apache-2.0,__global__;image_processing;color_transform,yes,yes,yes,raw,pass,pass,perf_ready,benchmark/cases/stencil-convolution/daliBrightnessContrast2/logs/verify_result.json,benchmark/cases/stencil-convolution/daliBrightnessContrast2/logs/perf_result.json,,"missing dirs: input, expected, output, migrated"
daliCast,modern_ml,hard,NVIDIA/DALI,adapted,Apache-2.0,type conversion;clamp;rounding,yes,yes,yes,raw,pass,pass,perf_ready,benchmark/cases/stencil-convolution/daliCast/logs/verify_result.json,benchmark/cases/stencil-convolution/daliCast/logs/perf_result.json,,"missing dirs: expected, output, migrated"
daliChannelSwap,image_processing,easy,NVIDIA/DALI,simplified,Apache-2.0,__global__;channel_permutation;image_processing,yes,yes,yes,raw,pass,pass,perf_ready,benchmark/cases/stencil-convolution/daliChannelSwap/logs/verify_result.json,benchmark/cases/stencil-convolution/daliChannelSwap/logs/perf_result.json,,"missing dirs: input, expected, output, migrated"
daliColorSpaceConversion,image_processing,hard,NVIDIA/DALI,adapted,Apache-2.0,2D grid;channel reorder;color conversion,yes,yes,yes,raw,pass,pass,perf_ready,benchmark/cases/stencil-convolution/daliColorSpaceConversion/logs/verify_result.json,benchmark/cases/stencil-convolution/daliColorSpaceConversion/logs/perf_result.json,,"missing dirs: expected, output, migrated"
daliColorTwist,image_processing,hard,NVIDIA/DALI,adapted,Apache-2.0,2D grid;per-channel arithmetic;color transform,yes,yes,yes,raw,pass,pass,perf_ready,benchmark/cases/stencil-convolution/daliColorTwist/logs/verify_result.json,benchmark/cases/stencil-convolution/daliColorTwist/logs/perf_result.json,,"missing dirs: expected, migrated"
daliColorTwist2,image_processing,medium,NVIDIA/DALI,simplified,Apache-2.0,__global__;color_transform;image_processing,yes,yes,yes,raw,pass,pass,perf_ready,benchmark/cases/stencil-convolution/daliColorTwist2/logs/verify_result.json,benchmark/cases/stencil-convolution/daliColorTwist2/logs/perf_result.json,,"missing dirs: input, expected, output, migrated"
daliCrop,image_processing,hard,NVIDIA/DALI,adapted,Apache-2.0,2D grid;batched indexing;strided image access,yes,yes,yes,raw,pass,pass,perf_ready,benchmark/cases/stencil-convolution/daliCrop/logs/verify_result.json,benchmark/cases/stencil-convolution/daliCrop/logs/perf_result.json,,"missing dirs: expected, output, migrated"
daliCropMirrorNormalize,image_processing,hard,NVIDIA/DALI,adapted,Apache-2.0,fused preprocessing;layout conversion;branching,yes,yes,yes,raw,pass,pass,perf_ready,benchmark/cases/stencil-convolution/daliCropMirrorNormalize/logs/verify_result.json,benchmark/cases/stencil-convolution/daliCropMirrorNormalize/logs/perf_result.json,,"missing dirs: expected, output, migrated"
daliCropMirrorPad2,image_processing,medium,NVIDIA/DALI,simplified,Apache-2.0,__global__;crop;padding,yes,yes,yes,raw,pass,pass,perf_ready,benchmark/cases/stencil-convolution/daliCropMirrorPad2/logs/verify_result.json,benchmark/cases/stencil-convolution/daliCropMirrorPad2/logs/perf_result.json,,"missing dirs: input, expected, output, migrated"
daliDct8x8,image_processing,hard,NVIDIA/DALI,inspired_by,Apache-2.0,__global__;block_transform;cosf,yes,yes,yes,raw,pass,pass,perf_ready,benchmark/cases/stencil-convolution/daliDct8x8/logs/verify_result.json,benchmark/cases/stencil-convolution/daliDct8x8/logs/perf_result.json,,"missing dirs: input, expected, output, migrated"
daliElementExtract,modern_ml,hard,NVIDIA/DALI,adapted,Apache-2.0,sequence indexing;gather,yes,yes,yes,raw,pass,pass,perf_ready,benchmark/cases/stencil-convolution/daliElementExtract/logs/verify_result.json,benchmark/cases/stencil-convolution/daliElementExtract/logs/perf_result.json,,"missing dirs: expected, output, migrated"
daliEqualizeLut,image_processing,medium,NVIDIA/DALI,simplified,Apache-2.0,__global__;lookup_table;uint8_like,yes,yes,yes,raw,pass,pass,perf_ready,benchmark/cases/stencil-convolution/daliEqualizeLut/logs/verify_result.json,benchmark/cases/stencil-convolution/daliEqualizeLut/logs/perf_result.json,,"missing dirs: input, expected, output, migrated"
daliEraseRect,image_processing,medium,NVIDIA/DALI,simplified,Apache-2.0,__global__;image_processing;branching,yes,yes,yes,raw,pass,pass,perf_ready,benchmark/cases/stencil-convolution/daliEraseRect/logs/verify_result.json,benchmark/cases/stencil-convolution/daliEraseRect/logs/perf_result.json,,"missing dirs: input, expected, output, migrated"
daliFlip,image_processing,hard,NVIDIA/DALI,adapted,Apache-2.0,geometric transform;branching;batched indexing,yes,yes,yes,raw,pass,pass,perf_ready,benchmark/cases/stencil-convolution/daliFlip/logs/verify_result.json,benchmark/cases/stencil-convolution/daliFlip/logs/perf_result.json,,"missing dirs: expected, output, migrated"
daliHorizontalFlip2,image_processing,easy,NVIDIA/DALI,simplified,Apache-2.0,__global__;image_processing;layout,yes,yes,yes,raw,pass,pass,perf_ready,benchmark/cases/stencil-convolution/daliHorizontalFlip2/logs/verify_result.json,benchmark/cases/stencil-convolution/daliHorizontalFlip2/logs/perf_result.json,,"missing dirs: input, expected, output, migrated"
daliHsvToRgb,image_processing,medium,NVIDIA/DALI,inspired_by,Apache-2.0,__global__;color_conversion;branching,yes,yes,yes,raw,pass,pass,perf_ready,benchmark/cases/stencil-convolution/daliHsvToRgb/logs/verify_result.json,benchmark/cases/stencil-convolution/daliHsvToRgb/logs/perf_result.json,,"missing dirs: input, expected, output, migrated"
daliMakeContiguous,modern_ml,hard,NVIDIA/DALI,adapted,Apache-2.0,strided memory access;layout compaction,yes,yes,yes,raw,pass,pass,perf_ready,benchmark/cases/stencil-convolution/daliMakeContiguous/logs/verify_result.json,benchmark/cases/stencil-convolution/daliMakeContiguous/logs/perf_result.json,,"missing dirs: expected, output, migrated"
daliNormalizeMeanStd,image_processing,medium,NVIDIA/DALI,simplified,Apache-2.0,__global__;normalization;channelwise,yes,yes,yes,raw,pass,pass,perf_ready,benchmark/cases/stencil-convolution/daliNormalizeMeanStd/logs/verify_result.json,benchmark/cases/stencil-convolution/daliNormalizeMeanStd/logs/perf_result.json,,"missing dirs: input, expected, output, migrated"
daliNormalizePermute,image_processing,hard,NVIDIA/DALI,adapted,Apache-2.0,layout transform;per-channel normalization;batched indexing,yes,yes,yes,raw,pass,pass,perf_ready,benchmark/cases/stencil-convolution/daliNormalizePermute/logs/verify_result.json,benchmark/cases/stencil-convolution/daliNormalizePermute/logs/perf_result.json,,"missing dirs: expected, output, migrated"
daliPaste,image_processing,hard,NVIDIA/DALI,adapted,Apache-2.0,conditional copy;image compositing;ROI indexing,yes,yes,yes,raw,pass,pass,perf_ready,benchmark/cases/stencil-convolution/daliPaste/logs/verify_result.json,benchmark/cases/stencil-convolution/daliPaste/logs/perf_result.json,,"missing dirs: expected, output, migrated"
daliRandomResizedCrop,image_processing,hard,NVIDIA/DALI,adapted,Apache-2.0,crop window mapping;bilinear interpolation;image preprocessing,yes,yes,yes,raw,pass,pass,perf_ready,benchmark/cases/stencil-convolution/daliRandomResizedCrop/logs/verify_result.json,benchmark/cases/stencil-convolution/daliRandomResizedCrop/logs/perf_result.json,,"missing dirs: expected, output, migrated"
daliResizeBilinear,image_processing,hard,NVIDIA/DALI,adapted,Apache-2.0,2D grid;bilinear interpolation;batched image indexing,yes,yes,yes,raw,pass,pass,perf_ready,benchmark/cases/stencil-convolution/daliResizeBilinear/logs/verify_result.json,benchmark/cases/stencil-convolution/daliResizeBilinear/logs/perf_result.json,,"missing dirs: expected, output, migrated"
daliResizeCropMirror,image_processing,hard,NVIDIA/DALI,adapted,Apache-2.0,fused preprocessing;bilinear interpolation;mirror branch,yes,yes,yes,raw,pass,pass,perf_ready,benchmark/cases/stencil-convolution/daliResizeCropMirror/logs/verify_result.json,benchmark/cases/stencil-convolution/daliResizeCropMirror/logs/perf_result.json,,"missing dirs: expected, output, migrated"
daliResizeNearest,image_processing,medium,NVIDIA/DALI,simplified,Apache-2.0,__global__;resize;2D_indexing,yes,yes,yes,raw,pass,pass,perf_ready,benchmark/cases/stencil-convolution/daliResizeNearest/logs/verify_result.json,benchmark/cases/stencil-convolution/daliResizeNearest/logs/perf_result.json,,"missing dirs: input, expected, output, migrated"
daliRgbToGray,image_processing,medium,NVIDIA/DALI,simplified,Apache-2.0,__global__;color_conversion;image_processing,yes,yes,yes,raw,pass,pass,perf_ready,benchmark/cases/stencil-convolution/daliRgbToGray/logs/verify_result.json,benchmark/cases/stencil-convolution/daliRgbToGray/logs/perf_result.json,,"missing dirs: input, expected, output, migrated"
daliRotate,image_processing,hard,NVIDIA/DALI,adapted,Apache-2.0,2D grid;bilinear interpolation;border handling,yes,yes,yes,raw,pass,pass,perf_ready,benchmark/cases/stencil-convolution/daliRotate/logs/verify_result.json,benchmark/cases/stencil-convolution/daliRotate/logs/perf_result.json,,"missing dirs: expected, output, migrated"
daliSlice3d,modern_ml,hard,NVIDIA/DALI,adapted,Apache-2.0,3D indexing;batched slice;strided tensor access,yes,yes,yes,raw,pass,pass,perf_ready,benchmark/cases/stencil-convolution/daliSlice3d/logs/verify_result.json,benchmark/cases/stencil-convolution/daliSlice3d/logs/perf_result.json,,"missing dirs: expected, output, migrated"
daliSliceFlipNormalizePad,image_processing,hard,NVIDIA/DALI,simplified,Apache-2.0,__global__;slice;flip;normalize;padding,yes,yes,yes,raw,pass,pass,perf_ready,benchmark/cases/stencil-convolution/daliSliceFlipNormalizePad/logs/verify_result.json,benchmark/cases/stencil-convolution/daliSliceFlipNormalizePad/logs/perf_result.json,,"missing dirs: input, expected, output, migrated"
daliTransposeHwcChw,image_processing,hard,NVIDIA/DALI,adapted,Apache-2.0,layout transform;strided memory access;batched tensor indexing,yes,yes,yes,raw,pass,pass,perf_ready,benchmark/cases/stencil-convolution/daliTransposeHwcChw/logs/verify_result.json,benchmark/cases/stencil-convolution/daliTransposeHwcChw/logs/perf_result.json,,"missing dirs: expected, output, migrated"
daliWarpAffine,image_processing,hard,NVIDIA/DALI,adapted,Apache-2.0,2D grid;affine transform;bilinear interpolation,yes,yes,yes,raw,pass,pass,perf_ready,benchmark/cases/stencil-convolution/daliWarpAffine/logs/verify_result.json,benchmark/cases/stencil-convolution/daliWarpAffine/logs/perf_result.json,,"missing dirs: expected, output, migrated"
daliWaterWarp,image_processing,hard,NVIDIA/DALI,adapted,Apache-2.0,nonlinear warp;bilinear interpolation;border handling,yes,yes,yes,raw,pass,pass,perf_ready,benchmark/cases/stencil-convolution/daliWaterWarp/logs/verify_result.json,benchmark/cases/stencil-convolution/daliWaterWarp/logs/perf_result.json,,"missing dirs: expected, output, migrated"
finiteDiff1d,hpc,medium,ece4500group18/cuda-sycl-benchmark,authored,MIT,__global__;finite_difference,yes,yes,yes,perf_ready,pass,pass,perf_ready,benchmark/cases/stencil-convolution/finiteDiff1d/logs/verify_result.json,benchmark/cases/stencil-convolution/finiteDiff1d/logs/perf_result.json,,"missing dirs: input, expected, output, migrated | missing source URL"
ggmlPool2dAvg,modern_ml,medium,ggml-org/llama.cpp,simplified,MIT,__global__;2D_indexing;pooling;tensor_layout,yes,yes,yes,raw,pass,pass,perf_ready,benchmark/cases/stencil-convolution/ggmlPool2dAvg/logs/verify_result.json,benchmark/cases/stencil-convolution/ggmlPool2dAvg/logs/perf_result.json,,"missing dirs: input, expected, output, migrated"
heat2d,hpc,medium,ece4500group18/cuda-sycl-benchmark,authored,MIT,__global__;iterative;2D_indexing,yes,yes,yes,perf_ready,pass,pass,perf_ready,benchmark/cases/stencil-convolution/heat2d/logs/verify_result.json,benchmark/cases/stencil-convolution/heat2d/logs/perf_result.json,,"missing dirs: input, expected, output, migrated | missing source URL"
hecbenchConvolution3d,hpc,hard,ORNL/HeCBench,simplified,BSD-3-Clause,__global__;3D_indexing;convolution;stencil,yes,yes,yes,raw,pass,pass,perf_ready,benchmark/cases/stencil-convolution/hecbenchConvolution3d/logs/verify_result.json,benchmark/cases/stencil-convolution/hecbenchConvolution3d/logs/perf_result.json,,"missing dirs: input, expected, output, migrated"
hecbenchConvolution5pt2,hpc,medium,ORNL/HeCBench,inspired_by,BSD-3-Clause,__global__;2D_stencil;convolution,yes,yes,yes,raw,pass,pass,perf_ready,benchmark/cases/stencil-convolution/hecbenchConvolution5pt2/logs/verify_result.json,benchmark/cases/stencil-convolution/hecbenchConvolution5pt2/logs/perf_result.json,,"missing dirs: input, expected, output, migrated"
hecbenchD2q9BgkStep,hpc,hard,ORNL/HeCBench,simplified,BSD-3-Clause,__global__;2D_indexing;lattice_boltzmann;multi_array,yes,yes,yes,raw,pass,pass,perf_ready,benchmark/cases/stencil-convolution/hecbenchD2q9BgkStep/logs/verify_result.json,benchmark/cases/stencil-convolution/hecbenchD2q9BgkStep/logs/perf_result.json,,"missing dirs: input, expected, output, migrated"
hecbenchFdtd3dStep,hpc,hard,ORNL/HeCBench,simplified,BSD-3-Clause,__global__;3D_indexing;stencil;time_step,yes,yes,yes,raw,pass,pass,perf_ready,benchmark/cases/stencil-convolution/hecbenchFdtd3dStep/logs/verify_result.json,benchmark/cases/stencil-convolution/hecbenchFdtd3dStep/logs/perf_result.json,,"missing dirs: input, expected, output, migrated"
hecbenchHeat2dBoundaryStep,hpc,medium,ORNL/HeCBench,simplified,BSD-3-Clause,__global__;2D_stencil;boundary_condition,yes,yes,yes,raw,pass,pass,perf_ready,benchmark/cases/stencil-convolution/hecbenchHeat2dBoundaryStep/logs/verify_result.json,benchmark/cases/stencil-convolution/hecbenchHeat2dBoundaryStep/logs/perf_result.json,,"missing dirs: input, expected, output, migrated"
hecbenchHotspotStep,hpc,medium,ORNL/HeCBench,inspired_by,BSD-3-Clause,__global__;2D_stencil;heat_equation,yes,yes,yes,raw,pass,pass,perf_ready,benchmark/cases/stencil-convolution/hecbenchHotspotStep/logs/verify_result.json,benchmark/cases/stencil-convolution/hecbenchHotspotStep/logs/perf_result.json,,"missing dirs: input, expected, output, migrated"
hecbenchJacobi3d7pt,hpc,hard,ORNL/HeCBench,simplified,BSD-3-Clause,__global__;3D_stencil;finite_difference,yes,yes,yes,raw,pass,pass,perf_ready,benchmark/cases/stencil-convolution/hecbenchJacobi3d7pt/logs/verify_result.json,benchmark/cases/stencil-convolution/hecbenchJacobi3d7pt/logs/perf_result.json,,"missing dirs: input, expected, output, migrated"
hecbenchNeedlemanDiagScore,hpc,medium,ORNL/HeCBench,simplified,BSD-3-Clause,__global__;dynamic_programming;integer_arithmetic,yes,yes,yes,raw,pass,pass,perf_ready,benchmark/cases/stencil-convolution/hecbenchNeedlemanDiagScore/logs/verify_result.json,benchmark/cases/stencil-convolution/hecbenchNeedlemanDiagScore/logs/perf_result.json,,"missing dirs: input, expected, output, migrated"
hecbenchNeedlemanWunsch,hpc,hard,ORNL/HeCBench,inspired_by,BSD-3-Clause,__global__;dynamic_programming;anti_diagonal,yes,yes,yes,raw,pass,pass,perf_ready,benchmark/cases/stencil-convolution/hecbenchNeedlemanWunsch/logs/verify_result.json,benchmark/cases/stencil-convolution/hecbenchNeedlemanWunsch/logs/perf_result.json,,"missing dirs: input, expected, output, migrated"
hecbenchPathfinderMin3Step2,hpc,medium,ORNL/HeCBench,simplified,BSD-3-Clause,__global__;dynamic_programming;stencil,yes,yes,yes,raw,pass,pass,perf_ready,benchmark/cases/stencil-convolution/hecbenchPathfinderMin3Step2/logs/verify_result.json,benchmark/cases/stencil-convolution/hecbenchPathfinderMin3Step2/logs/perf_result.json,,"missing dirs: input, expected, output, migrated"
hecbenchPathfinderStep,hpc,medium,ORNL/HeCBench,inspired_by,BSD-3-Clause,__global__;dynamic_programming;stencil,yes,yes,yes,raw,pass,pass,perf_ready,benchmark/cases/stencil-convolution/hecbenchPathfinderStep/logs/verify_result.json,benchmark/cases/stencil-convolution/hecbenchPathfinderStep/logs/perf_result.json,,"missing dirs: input, expected, output, migrated"
hecbenchSradCoeff2,hpc,medium,ORNL/HeCBench,simplified,BSD-3-Clause,__global__;sqrtf;diffusion,yes,yes,yes,raw,pass,pass,perf_ready,benchmark/cases/stencil-convolution/hecbenchSradCoeff2/logs/verify_result.json,benchmark/cases/stencil-convolution/hecbenchSradCoeff2/logs/perf_result.json,,"missing dirs: input, expected, output, migrated"
hecbenchSradDiffusion,hpc,hard,ORNL/HeCBench,inspired_by,BSD-3-Clause,__global__;2D_stencil;diffusion,yes,yes,yes,raw,pass,pass,perf_ready,benchmark/cases/stencil-convolution/hecbenchSradDiffusion/logs/verify_result.json,benchmark/cases/stencil-convolution/hecbenchSradDiffusion/logs/perf_result.json,,"missing dirs: input, expected, output, migrated"
jacobi2d,hpc,medium,ece4500group18/cuda-sycl-benchmark,authored,MIT,__global__;iterative;2D_indexing,yes,yes,yes,perf_ready,pass,pass,perf_ready,benchmark/cases/stencil-convolution/jacobi2d/logs/verify_result.json,benchmark/cases/stencil-convolution/jacobi2d/logs/perf_result.json,,"missing dirs: input, expected, output, migrated | missing source URL"
mmcvBallQuery,modern_ml,hard,open-mmlab/mmcv,adapted,Apache-2.0,point cloud query;radius search,yes,yes,yes,raw,pass,pass,perf_ready,benchmark/cases/stencil-convolution/mmcvBallQuery/logs/verify_result.json,benchmark/cases/stencil-convolution/mmcvBallQuery/logs/perf_result.json,,"missing dirs: expected, output, migrated"
mmcvBboxOverlaps,image_processing,hard,open-mmlab/mmcv,adapted,Apache-2.0,bbox geometry;IoU;nested loops,yes,yes,yes,raw,pass,pass,perf_ready,benchmark/cases/stencil-convolution/mmcvBboxOverlaps/logs/verify_result.json,benchmark/cases/stencil-convolution/mmcvBboxOverlaps/logs/perf_result.json,,"missing dirs: expected, output, migrated"
mmcvFurthestPointSample,modern_ml,hard,open-mmlab/mmcv,adapted,Apache-2.0,point sampling;greedy distance update,yes,yes,yes,raw,pass,pass,perf_ready,benchmark/cases/stencil-convolution/mmcvFurthestPointSample/logs/verify_result.json,benchmark/cases/stencil-convolution/mmcvFurthestPointSample/logs/perf_result.json,,"missing dirs: expected, output, migrated"
mmcvGatherPoints,modern_ml,hard,open-mmlab/mmcv,adapted,Apache-2.0,gather;batched tensor indexing,yes,yes,yes,raw,pass,pass,perf_ready,benchmark/cases/stencil-convolution/mmcvGatherPoints/logs/verify_result.json,benchmark/cases/stencil-convolution/mmcvGatherPoints/logs/perf_result.json,,"missing dirs: expected, output, migrated"
mmcvGroupPoints,modern_ml,hard,open-mmlab/mmcv,adapted,Apache-2.0,gather/scatter;point grouping,yes,yes,yes,raw,pass,pass,perf_ready,benchmark/cases/stencil-convolution/mmcvGroupPoints/logs/verify_result.json,benchmark/cases/stencil-convolution/mmcvGroupPoints/logs/perf_result.json,,"missing dirs: expected, output, migrated"
mmcvKnn,modern_ml,hard,open-mmlab/mmcv,adapted,Apache-2.0,nearest neighbor;top-k distance,yes,yes,yes,raw,pass,pass,perf_ready,benchmark/cases/stencil-convolution/mmcvKnn/logs/verify_result.json,benchmark/cases/stencil-convolution/mmcvKnn/logs/perf_result.json,,"missing dirs: expected, output, migrated"
mmcvNms,modern_ml,hard,open-mmlab/mmcv,adapted,Apache-2.0,postprocessing;IoU suppression;branching,yes,yes,yes,raw,pass,pass,perf_ready,benchmark/cases/stencil-convolution/mmcvNms/logs/verify_result.json,benchmark/cases/stencil-convolution/mmcvNms/logs/perf_result.json,,"missing dirs: expected, output, migrated"
mmcvPointsInBoxes,image_processing,hard,open-mmlab/mmcv,adapted,Apache-2.0,geometry query;bbox membership,yes,yes,yes,raw,pass,pass,perf_ready,benchmark/cases/stencil-convolution/mmcvPointsInBoxes/logs/verify_result.json,benchmark/cases/stencil-convolution/mmcvPointsInBoxes/logs/perf_result.json,,"missing dirs: expected, output, migrated"
mmcvRoiAlign,modern_ml,hard,open-mmlab/mmcv,adapted,Apache-2.0,ROI feature sampling;bilinear interpolation;pooled output,yes,yes,yes,raw,pass,pass,perf_ready,benchmark/cases/stencil-convolution/mmcvRoiAlign/logs/verify_result.json,benchmark/cases/stencil-convolution/mmcvRoiAlign/logs/perf_result.json,,"missing dirs: expected, output, migrated"
mmcvRoiPool,image_processing,hard,open-mmlab/mmcv,adapted,Apache-2.0,ROI pooling;max reduction;pooled output,yes,yes,yes,raw,pass,pass,perf_ready,benchmark/cases/stencil-convolution/mmcvRoiPool/logs/verify_result.json,benchmark/cases/stencil-convolution/mmcvRoiPool/logs/perf_result.json,,"missing dirs: expected, output, migrated"
mmcvThreeInterpolate,modern_ml,hard,open-mmlab/mmcv,adapted,Apache-2.0,point interpolation;weighted gather,yes,yes,yes,raw,pass,pass,perf_ready,benchmark/cases/stencil-convolution/mmcvThreeInterpolate/logs/verify_result.json,benchmark/cases/stencil-convolution/mmcvThreeInterpolate/logs/perf_result.json,,"missing dirs: expected, output, migrated"
mmcvThreeNN,modern_ml,hard,open-mmlab/mmcv,adapted,Apache-2.0,nearest neighbor;point cloud distance,yes,yes,yes,raw,pass,pass,perf_ready,benchmark/cases/stencil-convolution/mmcvThreeNN/logs/verify_result.json,benchmark/cases/stencil-convolution/mmcvThreeNN/logs/perf_result.json,,"missing dirs: expected, output, migrated"
pytorchMaxPool2d,image_processing,hard,pytorch/pytorch,adapted,BSD-style / BSD-3-like,pooling;window max;NCHW indexing,yes,yes,yes,raw,pass,pass,perf_ready,benchmark/cases/stencil-convolution/pytorchMaxPool2d/logs/verify_result.json,benchmark/cases/stencil-convolution/pytorchMaxPool2d/logs/perf_result.json,,"missing dirs: expected, output, migrated"
pytorchUpsampleNearest2d,modern_ml,hard,pytorch/pytorch,adapted,BSD-style / BSD-3-like,resize;nearest neighbor;NCHW indexing,yes,yes,yes,raw,pass,pass,perf_ready,benchmark/cases/stencil-convolution/pytorchUpsampleNearest2d/logs/verify_result.json,benchmark/cases/stencil-convolution/pytorchUpsampleNearest2d/logs/perf_result.json,,"missing dirs: expected, output, migrated"
stencil1d,hpc,medium,ece4500group18/cuda-sycl-benchmark,authored,MIT,__global__;stencil,yes,yes,yes,perf_ready,pass,pass,perf_ready,benchmark/cases/stencil-convolution/stencil1d/logs/verify_result.json,benchmark/cases/stencil-convolution/stencil1d/logs/perf_result.json,,"missing dirs: input, expected, output, migrated | missing source URL"
stencil2d,hpc,medium,ece4500group18/cuda-sycl-benchmark,authored,MIT,__global__;stencil;2D_indexing,yes,yes,yes,perf_ready,pass,pass,perf_ready,benchmark/cases/stencil-convolution/stencil2d/logs/verify_result.json,benchmark/cases/stencil-convolution/stencil2d/logs/perf_result.json,,"missing dirs: input, expected, output, migrated | missing source URL"
stencil3d,hpc,medium,ece4500group18/cuda-sycl-benchmark,authored,MIT,__global__;stencil;3D_indexing,yes,yes,yes,perf_ready,pass,pass,perf_ready,benchmark/cases/stencil-convolution/stencil3d/logs/verify_result.json,benchmark/cases/stencil-convolution/stencil3d/logs/perf_result.json,,"missing dirs: input, expected, output, migrated | missing source URL"
wave1dStep,hpc,medium,ece4500group18/cuda-sycl-benchmark,authored,MIT,__global__;stencil;time_step,yes,yes,yes,raw,pass,pass,perf_ready,benchmark/cases/stencil-convolution/wave1dStep/logs/verify_result.json,benchmark/cases/stencil-convolution/wave1dStep/logs/perf_result.json,,"missing dirs: input, expected, output, migrated"
cudaEventTiming,library_api,hard,ece4500group18/cuda-sycl-benchmark,authored,MIT,cudaEvent,yes,yes,yes,perf_ready,pass,pass,perf_ready,benchmark/cases/streams-atomics-templates/cudaEventTiming/logs/verify_result.json,benchmark/cases/streams-atomics-templates/cudaEventTiming/logs/perf_result.json,,"missing dirs: input, expected, output, migrated | missing source URL"
cudaGraph,library_api,hard,ece4500group18/cuda-sycl-benchmark,authored,MIT,cudaGraph;streams,yes,yes,yes,perf_ready,pass,pass,perf_ready,benchmark/cases/streams-atomics-templates/cudaGraph/logs/verify_result.json,benchmark/cases/streams-atomics-templates/cudaGraph/logs/perf_result.json,,"missing dirs: input, expected, output, migrated | missing source URL"
cudaSamplesAtomicHistogram,cuda_primitive,hard,NVIDIA/cuda-samples,inspired_by,BSD-3-Clause + CUDA EULA note,__global__;atomicAdd;histogram,yes,yes,yes,raw,pass,pass,perf_ready,benchmark/cases/streams-atomics-templates/cudaSamplesAtomicHistogram/logs/verify_result.json,benchmark/cases/streams-atomics-templates/cudaSamplesAtomicHistogram/logs/perf_result.json,,"missing dirs: input, expected, output, migrated"
cudaSamplesAtomicMaxBuckets,cuda_primitive,medium,NVIDIA/cuda-samples,inspired_by,BSD-3-Clause + CUDA EULA note,__global__;atomicMax;histogram,yes,yes,yes,raw,pass,pass,perf_ready,benchmark/cases/streams-atomics-templates/cudaSamplesAtomicMaxBuckets/logs/verify_result.json,benchmark/cases/streams-atomics-templates/cudaSamplesAtomicMaxBuckets/logs/perf_result.json,,"missing dirs: input, expected, output, migrated"
cudaSamplesDynamicSharedHistogram2,cuda_primitive,hard,NVIDIA/cuda-samples,inspired_by,BSD-3-Clause + CUDA EULA note,__global__;dynamic_shared_memory;atomicAdd,yes,yes,yes,raw,pass,pass,perf_ready,benchmark/cases/streams-atomics-templates/cudaSamplesDynamicSharedHistogram2/logs/verify_result.json,benchmark/cases/streams-atomics-templates/cudaSamplesDynamicSharedHistogram2/logs/perf_result.json,,"missing dirs: input, expected, output, migrated"
cudaSamplesDynamicSharedReverse,cuda_primitive,medium,NVIDIA/cuda-samples,inspired_by,BSD-3-Clause + CUDA EULA note,__global__;dynamic_shared_memory;block_reverse,yes,yes,yes,raw,pass,pass,perf_ready,benchmark/cases/streams-atomics-templates/cudaSamplesDynamicSharedReverse/logs/verify_result.json,benchmark/cases/streams-atomics-templates/cudaSamplesDynamicSharedReverse/logs/perf_result.json,,"missing dirs: input, expected, output, migrated"
cudaSamplesStreamOverlapAdd,library_api,hard,NVIDIA/cuda-samples,inspired_by,BSD-3-Clause + CUDA EULA note,cudaStream_t;cudaMemcpyAsync;pinned_memory,yes,yes,yes,raw,pass,pass,perf_ready,benchmark/cases/streams-atomics-templates/cudaSamplesStreamOverlapAdd/logs/verify_result.json,benchmark/cases/streams-atomics-templates/cudaSamplesStreamOverlapAdd/logs/perf_result.json,,"missing dirs: input, expected, output, migrated"
cudaSamplesWarpBroadcast2,cuda_primitive,medium,NVIDIA/cuda-samples,inspired_by,BSD-3-Clause + CUDA EULA note,__global__;__shfl_sync;warp,yes,yes,yes,raw,pass,pass,perf_ready,benchmark/cases/streams-atomics-templates/cudaSamplesWarpBroadcast2/logs/verify_result.json,benchmark/cases/streams-atomics-templates/cudaSamplesWarpBroadcast2/logs/perf_result.json,,"missing dirs: input, expected, output, migrated"
cudaStream,library_api,hard,ece4500group18/cuda-sycl-benchmark,authored,MIT,streams;cudaMemcpyAsync,yes,yes,yes,perf_ready,pass,pass,perf_ready,benchmark/cases/streams-atomics-templates/cudaStream/logs/verify_result.json,benchmark/cases/streams-atomics-templates/cudaStream/logs/perf_result.json,,"missing dirs: input, expected, output, migrated | missing source URL"
hecbenchHistogramBuckets2,hpc,medium,ORNL/HeCBench,inspired_by,BSD-3-Clause,__global__;atomicAdd;histogram,yes,yes,yes,raw,pass,pass,perf_ready,benchmark/cases/streams-atomics-templates/hecbenchHistogramBuckets2/logs/verify_result.json,benchmark/cases/streams-atomics-templates/hecbenchHistogramBuckets2/logs/perf_result.json,,"missing dirs: input, expected, output, migrated"
histogram,cuda_primitive,hard,ece4500group18/cuda-sycl-benchmark,authored,MIT,__shared__;atomicAdd;cudaMemcpy,yes,yes,yes,perf_ready,pass,pass,perf_ready,benchmark/cases/streams-atomics-templates/histogram/logs/verify_result.json,benchmark/cases/streams-atomics-templates/histogram/logs/perf_result.json,,"missing dirs: input, expected, output, migrated | missing source URL"
simpleTemplates,cuda_primitive,easy,ece4500group18/cuda-sycl-benchmark,authored,MIT,__global__;cuda_cpp_templates;cudaMalloc;cudaMemcpy;cudaFree,yes,yes,yes,perf_ready,pass,pass,perf_ready,benchmark/cases/streams-atomics-templates/simpleTemplates/logs/verify_result.json,benchmark/cases/streams-atomics-templates/simpleTemplates/logs/perf_result.json,,"missing dirs: input, expected, output, migrated | missing source URL"
